time,phase,queue_veh_N_Through,queue_pcu_N_Through,queue_veh_S_Through,queue_pcu_S_Through,queue_veh_E_Through,queue_pcu_E_Through,queue_veh_W_Through,queue_pcu_W_Through
300,NS_GREEN,5,7.0,3,3.5,1,1.0,1,1.5
301,NS_GREEN,4,4.0,3,3.0,1,1.0,1,1.5
302,NS_GREEN,3,3.0,3,3.5,1,1.0,1,1.5
303,NS_GREEN,2,2.0,2,2.5,1,1.0,1,1.5
304,NS_GREEN,1,1.0,1,1.5,1,1.0,1,1.5
305,NS_GREEN,0,0.0,0,0.0,2,2.0,1,1.5
306,NS_GREEN,0,0.0,0,0.0,2,2.0,2,2.5
307,NS_GREEN,0,0.0,0,0.0,2,2.0,2,2.5
308,NS_GREEN,0,0.0,0,0.0,2,2.0,2,2.5
309,NS_GREEN,0,0.0,0,0.0,2,2.0,2,2.5
310,NS_GREEN,0,0.0,0,0.0,3,5.0,2,2.5
311,NS_GREEN,0,0.0,0,0.0,3,5.0,2,2.5
312,NS_GREEN,0,0.0,0,0.0,3,5.0,2,2.5
313,NS_GREEN,0,0.0,0,0.0,3,5.0,2,2.5
314,NS_GREEN,0,0.0,0,0.0,4,6.0,2,2.5
315,NS_GREEN,0,0.0,0,0.0,4,6.0,2,2.5
316,NS_GREEN,0,0.0,0,0.0,4,6.0,2,2.5
317,NS_GREEN,1,1.0,0,0.0,4,6.0,2,2.5
318,NS_GREEN,1,1.0,0,0.0,4,6.0,2,2.5
319,NS_GREEN,0,0.0,0,0.0,4,6.0,2,2.5
320,NS_YELLOW,0,0.0,0,0.0,4,6.0,2,2.5
321,NS_YELLOW,0,0.0,0,0.0,4,6.0,3,3.5
322,NS_YELLOW,0,0.0,0,0.0,5,7.0,3,3.5
323,NS_YELLOW,1,2.0,0,0.0,6,10.0,3,3.5
324,EW_GREEN,1,2.0,0,0.0,5,9.0,2,2.0
325,EW_GREEN,1,2.0,0,0.0,5,9.0,1,1.0
326,EW_GREEN,2,3.0,0,0.0,4,6.0,0,0.0
327,EW_GREEN,3,4.5,0,0.0,3,5.0,0,0.0
328,EW_GREEN,3,4.5,0,0.0,3,5.0,0,0.0
329,EW_GREEN,3,4.5,0,0.0,2,2.0,0,0.0
330,EW_GREEN,4,5.5,0,0.0,1,1.0,0,0.0
331,EW_GREEN,4,5.5,0,0.0,0,0.0,0,0.0
332,EW_GREEN,5,6.5,0,0.0,0,0.0,0,0.0
333,EW_GREEN,5,6.5,0,0.0,0,0.0,0,0.0
334,EW_GREEN,6,7.5,0,0.0,0,0.0,0,0.0
335,EW_GREEN,6,7.5,0,0.0,0,0.0,0,0.0
336,EW_GREEN,7,8.5,0,0.0,0,0.0,0,0.0
337,EW_GREEN,7,8.5,0,0.0,0,0.0,0,0.0
338,EW_GREEN,7,8.5,2,2.0,0,0.0,0,0.0
339,EW_GREEN,7,8.5,3,3.0,0,0.0,0,0.0
340,EW_GREEN,7,8.5,4,4.0,0,0.0,0,0.0
341,EW_GREEN,7,8.5,4,4.0,0,0.0,0,0.0
342,EW_GREEN,7,8.5,5,5.0,0,0.0,0,0.0
343,EW_GREEN,8,9.5,5,5.0,0,0.0,0,0.0
344,EW_YELLOW,8,9.5,5,5.0,0,0.0,0,0.0
345,EW_YELLOW,8,9.5,6,6.0,0,0.0,0,0.0
346,EW_YELLOW,8,9.5,6,6.0,0,0.0,0,0.0
347,EW_YELLOW,8,9.5,7,7.0,0,0.0,0,0.0
348,NS_GREEN,7,7.5,7,9.0,0,0.0,0,0.0
349,NS_GREEN,6,6.5,6,8.0,0,0.0,0,0.0
350,NS_GREEN,6,6.0,6,8.0,0,0.0,0,0.0
351,NS_GREEN,5,5.0,5,7.0,0,0.0,1,1.0
352,NS_GREEN,4,4.0,4,6.0,1,1.0,2,3.0
353,NS_GREEN,4,4.0,3,5.0,1,1.0,2,3.0
354,NS_GREEN,3,3.0,2,4.0,1,1.0,2,3.0
355,NS_GREEN,2,2.0,1,1.0,1,1.0,3,4.0
356,NS_GREEN,1,1.0,0,0.0,1,1.0,3,4.0
357,NS_GREEN,0,0.0,0,0.0,1,1.0,3,4.0
358,NS_GREEN,0,0.0,0,0.0,1,1.0,3,4.0
359,NS_GREEN,0,0.0,0,0.0,1,1.0,3,4.0
360,NS_GREEN,0,0.0,0,0.0,1,1.0,4,6.0
361,NS_GREEN,0,0.0,0,0.0,1,1.0,4,6.0
362,NS_GREEN,0,0.0,0,0.0,1,1.0,4,6.0
363,NS_GREEN,0,0.0,0,0.0,1,1.0,4,6.0
364,NS_GREEN,0,0.0,0,0.0,2,2.0,5,7.0
365,NS_GREEN,0,0.0,0,0.0,2,2.0,5,7.0
366,NS_GREEN,0,0.0,0,0.0,3,4.0,5,7.0
367,NS_GREEN,0,0.0,0,0.0,3,4.0,5,7.0
368,NS_YELLOW,0,0.0,0,0.0,4,7.0,5,7.0
369,NS_YELLOW,0,0.0,0,0.0,4,7.0,5,7.0
370,NS_YELLOW,1,2.0,0,0.0,4,7.0,5,7.0
371,NS_YELLOW,1,2.0,0,0.0,4,7.0,5,7.0
372,EW_GREEN,1,2.0,0,0.0,3,6.0,4,6.0
373,EW_GREEN,1,2.0,0,0.0,2,5.0,3,4.0
374,EW_GREEN,2,3.0,1,1.0,1,3.0,2,3.0
375,EW_GREEN,2,3.0,1,1.0,0,0.0,1,1.0
376,EW_GREEN,3,4.0,1,1.0,0,0.0,0,0.0
377,EW_GREEN,3,4.0,1,1.0,0,0.0,0,0.0
378,EW_GREEN,5,6.0,3,6.0,0,0.0,0,0.0
379,EW_GREEN,5,6.0,4,7.0,0,0.0,0,0.0
380,EW_GREEN,6,7.0,5,8.0,0,0.0,0,0.0
381,EW_GREEN,6,7.0,6,9.0,0,0.0,0,0.0
382,EW_GREEN,6,7.0,6,9.0,0,0.0,0,0.0
383,EW_GREEN,6,7.0,6,9.0,0,0.0,0,0.0
384,EW_GREEN,6,7.0,6,9.0,0,0.0,0,0.0
385,EW_GREEN,6,7.0,6,9.0,0,0.0,0,0.0
386,EW_GREEN,6,7.0,6,9.0,0,0.0,0,0.0
387,EW_GREEN,6,7.0,6,9.0,0,0.0,0,0.0
388,EW_GREEN,7,10.0,7,10.0,0,0.0,0,0.0
389,EW_GREEN,7,10.0,8,11.0,0,0.0,0,0.0
390,EW_GREEN,7,10.0,8,11.0,0,0.0,0,0.0
391,EW_GREEN,8,11.0,8,11.0,0,0.0,0,0.0
392,EW_GREEN,8,11.0,8,11.0,0,0.0,0,0.0
393,EW_GREEN,8,11.0,8,11.0,0,0.0,0,0.0
394,EW_YELLOW,8,11.0,8,11.0,0,0.0,0,0.0
395,EW_YELLOW,8,11.0,9,12.5,0,0.0,0,0.0
396,EW_YELLOW,8,11.0,9,12.5,0,0.0,0,0.0
397,EW_YELLOW,8,11.0,10,14.5,0,0.0,0,0.0
398,NS_GREEN,7,9.0,9,13.5,0,0.0,0,0.0
399,NS_GREEN,6,8.0,8,10.5,1,1.0,0,0.0
400,NS_GREEN,5,7.0,7,8.5,1,1.0,0,0.0
401,NS_GREEN,4,6.0,6,7.5,1,1.0,0,0.0
402,NS_GREEN,3,5.0,5,6.5,2,2.0,0,0.0
403,NS_GREEN,3,5.0,4,5.5,2,2.0,0,0.0
404,NS_GREEN,2,2.0,3,4.5,2,2.0,0,0.0
405,NS_GREEN,1,1.0,2,3.5,2,2.0,0,0.0
406,NS_GREEN,2,3.0,1,2.0,2,2.0,0,0.0
407,NS_GREEN,2,2.0,1,1.0,2,2.0,1,2.0
408,NS_GREEN,1,1.0,0,0.0,2,2.0,1,2.0
409,NS_GREEN,0,0.0,1,1.0,2,2.0,1,2.0
410,NS_GREEN,0,0.0,1,1.0,3,3.0,1,2.0
411,NS_GREEN,0,0.0,0,0.0,3,3.0,1,2.0
412,NS_GREEN,0,0.0,0,0.0,3,3.0,1,2.0
413,NS_GREEN,0,0.0,0,0.0,3,3.0,1,2.0
414,NS_GREEN,0,0.0,0,0.0,3,3.0,1,2.0
415,NS_GREEN,0,0.0,0,0.0,5,5.0,1,2.0
416,NS_GREEN,0,0.0,0,0.0,6,6.0,1,2.0
417,NS_GREEN,0,0.0,0,0.0,6,6.0,1,2.0
418,NS_YELLOW,0,0.0,0,0.0,6,6.0,1,2.0
419,NS_YELLOW,0,0.0,0,0.0,6,6.0,1,2.0
420,NS_YELLOW,0,0.0,0,0.0,7,7.5,2,3.0
421,NS_YELLOW,0,0.0,1,1.0,7,7.5,2,3.0
422,EW_GREEN,0,0.0,1,1.0,6,6.5,1,1.0
423,EW_GREEN,0,0.0,2,2.5,5,5.5,0,0.0
424,EW_GREEN,0,0.0,2,2.5,5,5.5,0,0.0
425,EW_GREEN,0,0.0,2,2.5,4,4.5,0,0.0
426,EW_GREEN,0,0.0,2,2.5,3,3.5,0,0.0
427,EW_GREEN,1,2.0,2,2.5,3,4.5,0,0.0
428,EW_GREEN,1,2.0,2,2.5,2,3.0,0,0.0
429,EW_GREEN,1,2.0,2,2.5,1,2.0,0,0.0
430,EW_GREEN,2,3.0,2,2.5,0,0.0,0,0.0
431,EW_GREEN,2,3.0,3,4.0,0,0.0,0,0.0
432,EW_GREEN,2,3.0,3,4.0,0,0.0,0,0.0
433,EW_GREEN,2,3.0,3,4.0,0,0.0,0,0.0
434,EW_GREEN,2,3.0,3,4.0,0,0.0,0,0.0
435,EW_GREEN,2,3.0,3,4.0,0,0.0,0,0.0
436,EW_GREEN,3,4.0,3,4.0,0,0.0,0,0.0
437,EW_GREEN,5,6.5,3,4.0,0,0.0,0,0.0
438,EW_GREEN,5,6.5,3,4.0,0,0.0,0,0.0
439,EW_GREEN,6,7.5,3,4.0,0,0.0,0,0.0
440,EW_GREEN,6,7.5,3,4.0,0,0.0,0,0.0
441,EW_GREEN,6,7.5,3,4.0,0,0.0,0,0.0
442,EW_YELLOW,7,8.5,3,4.0,0,0.0,0,0.0
443,EW_YELLOW,7,8.5,4,5.0,0,0.0,0,0.0
444,EW_YELLOW,7,8.5,4,5.0,0,0.0,0,0.0
445,EW_YELLOW,7,8.5,4,5.0,0,0.0,0,0.0
446,NS_GREEN,6,6.5,4,5.0,0,0.0,0,0.0
447,NS_GREEN,5,5.5,3,3.5,0,0.0,0,0.0
448,NS_GREEN,4,4.5,2,2.0,0,0.0,0,0.0
449,NS_GREEN,3,3.0,1,1.0,0,0.0,0,0.0
450,NS_GREEN,2,2.0,0,0.0,0,0.0,0,0.0
451,NS_GREEN,1,1.0,0,0.0,1,1.0,0,0.0
452,NS_GREEN,0,0.0,0,0.0,1,1.0,1,2.0
453,NS_GREEN,0,0.0,0,0.0,1,1.0,1,2.0
454,NS_GREEN,0,0.0,0,0.0,1,1.0,2,3.0
455,NS_GREEN,0,0.0,0,0.0,1,1.0,3,4.0
456,NS_GREEN,1,1.0,0,0.0,1,1.0,3,4.0
457,NS_GREEN,1,1.5,0,0.0,1,1.0,3,4.0
458,NS_GREEN,0,0.0,0,0.0,1,1.0,3,4.0
459,NS_GREEN,0,0.0,0,0.0,1,1.0,3,4.0
460,NS_GREEN,0,0.0,0,0.0,1,1.0,3,4.0
461,NS_GREEN,0,0.0,0,0.0,1,1.0,3,4.0
462,NS_GREEN,0,0.0,0,0.0,2,2.0,3,4.0
463,NS_GREEN,0,0.0,0,0.0,2,2.0,3,4.0
464,NS_GREEN,0,0.0,0,0.0,2,2.0,3,4.0
465,NS_GREEN,0,0.0,0,0.0,2,2.0,3,4.0
466,NS_YELLOW,0,0.0,0,0.0,3,3.0,3,4.0
467,NS_YELLOW,0,0.0,0,0.0,3,3.0,3,4.0
468,NS_YELLOW,0,0.0,0,0.0,3,3.0,3,4.0
469,NS_YELLOW,2,2.0,0,0.0,3,3.0,4,7.0
470,EW_GREEN,3,3.0,0,0.0,3,3.0,3,5.0
471,EW_GREEN,4,4.0,1,2.0,2,2.0,2,4.0
472,EW_GREEN,5,5.5,1,2.0,1,1.0,1,3.0
473,EW_GREEN,5,5.5,2,3.5,0,0.0,0,0.0
474,EW_GREEN,5,5.5,2,3.5,0,0.0,0,0.0
475,EW_GREEN,5,5.5,2,3.5,0,0.0,0,0.0
476,EW_GREEN,5,5.5,2,3.5,0,0.0,0,0.0
477,EW_GREEN,5,5.5,2,3.5,0,0.0,0,0.0
478,EW_GREEN,5,5.5,2,3.5,0,0.0,0,0.0
479,EW_GREEN,6,7.0,3,4.5,0,0.0,0,0.0
480,EW_GREEN,6,7.0,3,4.5,0,0.0,0,0.0
481,EW_GREEN,6,7.0,3,4.5,0,0.0,0,0.0
482,EW_GREEN,6,7.0,3,4.5,0,0.0,0,0.0
483,EW_GREEN,6,7.0,3,4.5,0,0.0,0,0.0
484,EW_GREEN,6,7.0,5,6.5,0,0.0,0,0.0
485,EW_GREEN,6,7.0,5,6.5,0,0.0,0,0.0
486,EW_GREEN,6,7.0,5,6.5,0,0.0,0,0.0
487,EW_GREEN,6,7.0,5,6.5,0,0.0,0,0.0
488,EW_GREEN,6,7.0,5,6.5,0,0.0,0,0.0
489,EW_GREEN,6,7.0,5,6.5,0,0.0,0,0.0
490,EW_YELLOW,6,7.0,5,6.5,0,0.0,0,0.0
491,EW_YELLOW,6,7.0,7,8.5,0,0.0,0,0.0
492,EW_YELLOW,6,7.0,8,9.5,0,0.0,0,0.0
493,EW_YELLOW,7,9.0,9,10.5,0,0.0,1,1.0
494,NS_GREEN,6,8.0,8,8.5,0,0.0,1,1.0
495,NS_GREEN,6,10.0,7,7.0,1,1.0,1,1.0
496,NS_GREEN,6,10.0,6,6.0,1,1.0,1,1.0
497,NS_GREEN,5,9.0,5,5.0,1,1.0,1,1.0
498,NS_GREEN,4,7.5,4,4.0,1,1.0,1,1.0
499,NS_GREEN,4,7.5,3,3.0,1,1.0,1,1.0
500,NS_GREEN,3,5.5,2,2.0,2,2.0,2,2.0
501,NS_GREEN,2,2.5,1,1.0,3,3.0,2,2.0
502,NS_GREEN,1,1.5,0,0.0,3,3.0,2,2.0
503,NS_GREEN,0,0.0,0,0.0,3,3.0,3,3.0
504,NS_GREEN,0,0.0,0,0.0,4,4.0,3,3.0
505,NS_GREEN,0,0.0,0,0.0,4,4.0,4,4.0
506,NS_GREEN,0,0.0,0,0.0,4,4.0,4,4.0
507,NS_GREEN,0,0.0,0,0.0,4,4.0,4,4.0
508,NS_GREEN,0,0.0,0,0.0,4,4.0,4,4.0
509,NS_GREEN,0,0.0,0,0.0,4,4.0,4,4.0
510,NS_GREEN,0,0.0,0,0.0,4,4.0,4,4.0
511,NS_GREEN,0,0.0,0,0.0,5,5.0,4,4.0
512,NS_GREEN,0,0.0,0,0.0,5,5.0,4,4.0
513,NS_GREEN,0,0.0,0,0.0,5,5.0,5,5.0
514,NS_YELLOW,0,0.0,0,0.0,5,5.0,5,5.0
515,NS_YELLOW,0,0.0,0,0.0,5,5.0,5,5.0
516,NS_YELLOW,1,1.0,0,0.0,5,5.0,5,5.0
517,NS_YELLOW,1,1.0,1,1.0,5,5.0,5,5.0
518,EW_GREEN,1,1.0,1,1.0,5,5.5,4,4.0
519,EW_GREEN,1,1.0,1,1.0,4,4.5,3,3.0
520,EW_GREEN,1,1.0,1,1.0,3,3.5,2,2.0
521,EW_GREEN,1,1.0,2,2.0,2,2.5,1,1.0
522,EW_GREEN,2,4.0,2,2.0,1,1.5,0,0.0
523,EW_GREEN,3,5.0,2,2.0,0,0.0,0,0.0
524,EW_GREEN,4,6.0,2,2.0,0,0.0,0,0.0
525,EW_GREEN,4,6.0,2,2.0,0,0.0,0,0.0
526,EW_GREEN,4,6.0,2,2.0,0,0.0,0,0.0
527,EW_GREEN,5,7.0,3,3.0,0,0.0,0,0.0
528,EW_GREEN,6,8.0,3,3.0,0,0.0,0,0.0
529,EW_GREEN,6,8.0,5,5.0,0,0.0,0,0.0
530,EW_GREEN,6,8.0,5,5.0,0,0.0,0,0.0
531,EW_GREEN,7,9.0,5,5.0,0,0.0,0,0.0
532,EW_GREEN,7,9.0,5,5.0,0,0.0,0,0.0
533,EW_GREEN,7,9.0,5,5.0,0,0.0,0,0.0
534,EW_GREEN,7,9.0,5,5.0,0,0.0,0,0.0
535,EW_GREEN,7,9.0,5,5.0,0,0.0,0,0.0
536,EW_GREEN,8,10.0,6,6.0,0,0.0,0,0.0
537,EW_GREEN,8,10.0,6,6.0,0,0.0,0,0.0
538,EW_GREEN,8,10.0,6,6.0,0,0.0,0,0.0
539,EW_YELLOW,8,10.0,6,6.0,0,0.0,0,0.0
540,EW_YELLOW,8,10.0,6,6.0,0,0.0,0,0.0
541,EW_YELLOW,9,11.0,6,6.0,0,0.0,0,0.0
542,EW_YELLOW,9,11.0,6,6.0,0,0.0,0,0.0
543,NS_GREEN,8,10.0,5,5.0,1,1.0,1,1.0
544,NS_GREEN,7,7.0,5,5.0,1,1.0,2,2.0
545,NS_GREEN,6,6.0,4,4.0,1,1.0,2,2.0
546,NS_GREEN,5,5.0,3,3.0,1,1.0,2,2.0
547,NS_GREEN,4,4.0,2,2.0,1,1.0,2,2.0
548,NS_GREEN,3,3.0,1,1.0,1,1.0,3,5.0
549,NS_GREEN,2,2.0,1,1.0,1,1.0,4,7.0
550,NS_GREEN,1,1.0,0,0.0,1,1.0,4,7.0
551,NS_GREEN,0,0.0,0,0.0,1,1.0,4,7.0
552,NS_GREEN,0,0.0,0,0.0,1,1.0,4,7.0
553,NS_GREEN,0,0.0,1,1.0,1,1.0,4,7.0
554,NS_GREEN,0,0.0,1,1.0,1,1.0,4,7.0
555,NS_GREEN,0,0.0,0,0.0,1,1.0,4,7.0
556,NS_GREEN,0,0.0,0,0.0,1,1.0,4,7.0
557,NS_GREEN,0,0.0,0,0.0,1,1.0,4,7.0
558,NS_GREEN,0,0.0,0,0.0,2,2.5,4,7.0
559,NS_GREEN,0,0.0,0,0.0,2,2.5,4,7.0
560,NS_GREEN,0,0.0,0,0.0,2,2.5,5,8.0
561,NS_GREEN,0,0.0,0,0.0,2,2.5,5,8.0
562,NS_GREEN,0,0.0,0,0.0,2,2.5,5,8.0
563,NS_YELLOW,0,0.0,0,0.0,2,2.5,6,9.0
564,NS_YELLOW,0,0.0,0,0.0,2,2.5,6,9.0
565,NS_YELLOW,0,0.0,0,0.0,2,2.5,6,9.0
566,NS_YELLOW,0,0.0,0,0.0,2,2.5,6,9.0
567,EW_GREEN,0,0.0,1,1.0,1,1.5,5,8.0
568,EW_GREEN,0,0.0,1,1.0,0,0.0,4,7.0
569,EW_GREEN,1,1.0,1,1.0,0,0.0,3,4.0
570,EW_GREEN,1,1.0,1,1.0,0,0.0,2,2.0
571,EW_GREEN,2,2.0,1,1.0,0,0.0,2,2.0
572,EW_GREEN,2,2.0,1,1.0,0,0.0,2,2.0
573,EW_GREEN,2,2.0,1,1.0,0,0.0,1,1.0
574,EW_GREEN,2,2.0,1,1.0,0,0.0,0,0.0
575,EW_GREEN,2,2.0,1,1.0,0,0.0,0,0.0
576,EW_GREEN,3,5.0,1,1.0,0,0.0,0,0.0
577,EW_GREEN,3,5.0,1,1.0,0,0.0,0,0.0
578,EW_GREEN,3,5.0,1,1.0,0,0.0,0,0.0
579,EW_GREEN,3,5.0,1,1.0,0,0.0,0,0.0
580,EW_GREEN,3,5.0,1,1.0,0,0.0,0,0.0
581,EW_GREEN,3,5.0,2,2.0,0,0.0,0,0.0
582,EW_GREEN,3,5.0,3,3.0,0,0.0,0,0.0
583,EW_GREEN,3,5.0,3,3.0,0,0.0,0,0.0
584,EW_GREEN,3,5.0,3,3.0,0,0.0,0,0.0
585,EW_GREEN,4,6.0,3,3.0,0,0.0,0,0.0
586,EW_GREEN,4,6.0,3,3.0,0,0.0,0,0.0
587,EW_YELLOW,5,9.0,3,3.0,0,0.0,0,0.0
588,EW_YELLOW,5,9.0,3,3.0,0,0.0,0,0.0
589,EW_YELLOW,5,9.0,3,3.0,0,0.0,0,0.0
590,EW_YELLOW,6,10.0,3,3.0,0,0.0,0,0.0
591,NS_GREEN,5,9.0,2,2.0,0,0.0,0,0.0
592,NS_GREEN,4,8.0,3,3.0,0,0.0,0,0.0
593,NS_GREEN,3,5.0,3,4.0,2,2.5,0,0.0
594,NS_GREEN,2,4.0,4,6.0,2,2.5,0,0.0
595,NS_GREEN,1,1.0,3,5.0,2,2.5,0,0.0
596,NS_GREEN,0,0.0,2,3.0,2,2.5,0,0.0
597,NS_GREEN,0,0.0,1,1.0,2,2.5,0,0.0
598,NS_GREEN,0,0.0,1,1.0,3,4.0,0,0.0
599,NS_GREEN,0,0.0,0,0.0,3,4.0,0,0.0
600,NS_GREEN,0,0.0,0,0.0,3,4.0,1,1.0
601,NS_GREEN,0,0.0,0,0.0,3,4.0,1,1.0
602,NS_GREEN,0,0.0,0,0.0,3,4.0,1,1.0
603,NS_GREEN,0,0.0,0,0.0,3,4.0,1,1.0
604,NS_GREEN,0,0.0,0,0.0,3,4.0,1,1.0
605,NS_GREEN,2,2.0,0,0.0,3,4.0,1,1.0
606,NS_GREEN,2,2.0,0,0.0,3,4.0,2,2.0
607,NS_GREEN,1,1.0,0,0.0,3,4.0,2,2.0
608,NS_GREEN,0,0.0,0,0.0,3,4.0,2,2.0
609,NS_GREEN,0,0.0,0,0.0,3,4.0,2,2.0
610,NS_GREEN,0,0.0,0,0.0,3,4.0,2,2.0
611,NS_GREEN,0,0.0,0,0.0,3,4.0,2,2.0
612,NS_GREEN,0,0.0,0,0.0,3,4.0,2,2.0
613,NS_GREEN,0,0.0,0,0.0,3,4.0,2,2.0
614,NS_GREEN,1,2.0,0,0.0,3,4.0,3,3.0
615,NS_GREEN,0,0.0,0,0.0,3,4.0,3,3.0
616,NS_YELLOW,0,0.0,0,0.0,3,4.0,4,4.0
617,NS_YELLOW,0,0.0,0,0.0,3,4.0,5,5.0
618,NS_YELLOW,0,0.0,0,0.0,3,4.0,5,5.0
619,NS_YELLOW,0,0.0,0,0.0,3,4.0,6,6.0
620,EW_GREEN,0,0.0,1,1.5,2,2.5,5,5.0
621,EW_GREEN,0,0.0,1,1.5,1,1.5,4,4.0
622,EW_GREEN,0,0.0,2,3.0,0,0.0,3,3.0
623,EW_GREEN,0,0.0,2,3.0,0,0.0,3,5.0
624,EW_GREEN,1,1.5,2,3.0,0,0.0,2,4.0
625,EW_GREEN,2,2.5,3,5.0,0,0.0,1,3.0
626,EW_GREEN,3,4.5,3,5.0,0,0.0,0,0.0
627,EW_GREEN,4,5.5,3,5.0,0,0.0,0,0.0
628,EW_GREEN,4,5.5,3,5.0,0,0.0,0,0.0
629,EW_GREEN,4,5.5,3,5.0,0,0.0,0,0.0
630,EW_GREEN,6,8.0,3,5.0,0,0.0,0,0.0
631,EW_GREEN,7,9.0,3,5.0,0,0.0,0,0.0
632,EW_GREEN,8,10.0,5,7.0,0,0.0,0,0.0
633,EW_GREEN,8,10.0,5,7.0,0,0.0,0,0.0
634,EW_GREEN,8,10.0,6,8.0,0,0.0,0,0.0
635,EW_GREEN,8,10.0,7,9.0,0,0.0,0,0.0
636,EW_GREEN,8,10.0,7,9.0,0,0.0,0,0.0
637,EW_GREEN,8,10.0,7,9.0,0,0.0,0,0.0
638,EW_GREEN,8,10.0,7,9.0,0,0.0,0,0.0
639,EW_GREEN,8,10.0,7,9.0,0,0.0,0,0.0
640,EW_YELLOW,8,10.0,8,11.0,0,0.0,0,0.0
641,EW_YELLOW,8,10.0,8,11.0,0,0.0,0,0.0
642,EW_YELLOW,8,10.0,8,11.0,0,0.0,0,0.0
643,EW_YELLOW,8,10.0,8,11.0,0,0.0,0,0.0
644,NS_GREEN,7,8.5,7,9.5,0,0.0,0,0.0
645,NS_GREEN,6,7.5,6,8.0,0,0.0,0,0.0
646,NS_GREEN,6,6.5,5,6.0,0,0.0,1,1.0
647,NS_GREEN,5,5.5,4,5.0,0,0.0,1,1.0
648,NS_GREEN,4,4.0,3,4.0,0,0.0,1,1.0
649,NS_GREEN,3,3.0,2,3.0,0,0.0,1,1.0
650,NS_GREEN,2,2.0,1,2.0,0,0.0,1,1.0
651,NS_GREEN,1,1.0,0,0.0,0,0.0,1,1.0
652,NS_GREEN,0,0.0,0,0.0,0,0.0,1,1.0
653,NS_GREEN,0,0.0,0,0.0,1,1.0,1,1.0
654,NS_GREEN,0,0.0,0,0.0,1,1.0,1,1.0
655,NS_GREEN,0,0.0,0,0.0,2,2.0,1,1.0
656,NS_GREEN,0,0.0,0,0.0,2,2.0,1,1.0
657,NS_GREEN,0,0.0,0,0.0,2,2.0,1,1.0
658,NS_GREEN,0,0.0,0,0.0,2,2.0,1,1.0
659,NS_GREEN,0,0.0,0,0.0,2,2.0,1,1.0
660,NS_GREEN,0,0.0,0,0.0,2,2.0,1,1.0
661,NS_GREEN,0,0.0,0,0.0,2,2.0,1,1.0
662,NS_GREEN,0,0.0,0,0.0,2,2.0,1,1.0
663,NS_GREEN,0,0.0,0,0.0,2,2.0,1,1.0
664,NS_GREEN,0,0.0,0,0.0,2,2.0,2,2.0
665,NS_GREEN,0,0.0,0,0.0,2,2.0,2,2.0
666,NS_GREEN,0,0.0,0,0.0,2,2.0,2,2.0
667,NS_GREEN,0,0.0,0,0.0,3,3.5,3,5.0
668,NS_YELLOW,0,0.0,0,0.0,3,3.5,3,5.0
669,NS_YELLOW,0,0.0,0,0.0,3,3.5,3,5.0
670,NS_YELLOW,0,0.0,1,2.0,3,3.5,3,5.0
671,NS_YELLOW,0,0.0,1,2.0,3,3.5,3,5.0
672,EW_GREEN,0,0.0,1,2.0,2,2.5,2,4.0
673,EW_GREEN,0,0.0,1,2.0,1,1.5,1,3.0
674,EW_GREEN,0,0.0,1,2.0,0,0.0,0,0.0
675,EW_GREEN,1,1.0,1,2.0,0,0.0,0,0.0
676,EW_GREEN,1,1.0,1,2.0,0,0.0,0,0.0
677,EW_GREEN,3,3.5,1,2.0,0,0.0,0,0.0
678,EW_GREEN,3,3.5,1,2.0,0,0.0,0,0.0
679,EW_GREEN,4,4.5,2,3.0,0,0.0,0,0.0
680,EW_GREEN,4,4.5,2,3.0,0,0.0,0,0.0
681,EW_GREEN,4,4.5,3,4.0,0,0.0,0,0.0
682,EW_GREEN,4,4.5,3,4.0,0,0.0,0,0.0
683,EW_GREEN,4,4.5,4,5.5,0,0.0,0,0.0
684,EW_GREEN,4,4.5,4,5.5,0,0.0,0,0.0
685,EW_GREEN,4,4.5,4,5.5,0,0.0,0,0.0
686,EW_GREEN,4,4.5,4,5.5,0,0.0,0,0.0
687,EW_GREEN,4,4.5,4,5.5,0,0.0,0,0.0
688,EW_GREEN,4,4.5,5,6.5,0,0.0,0,0.0
689,EW_GREEN,4,4.5,5,6.5,0,0.0,0,0.0
690,EW_GREEN,4,4.5,5,6.5,0,0.0,0,0.0
691,EW_GREEN,4,4.5,7,8.5,0,0.0,0,0.0
692,EW_YELLOW,4,4.5,7,8.5,0,0.0,0,0.0
693,EW_YELLOW,4,4.5,7,8.5,0,0.0,0,0.0
694,EW_YELLOW,4,4.5,7,8.5,0,0.0,0,0.0
695,EW_YELLOW,4,4.5,7,8.5,0,0.0,0,0.0
696,NS_GREEN,4,4.5,7,7.5,1,1.0,1,1.0
697,NS_GREEN,4,4.5,7,7.5,1,1.0,1,1.0
698,NS_GREEN,4,4.0,7,7.5,2,2.0,1,1.0
699,NS_GREEN,3,3.0,6,6.0,2,2.0,1,1.0
700,NS_GREEN,2,2.0,6,6.5,2,2.0,1,1.0
701,NS_GREEN,1,1.0,6,6.5,3,3.0,1,1.0
702,NS_GREEN,0,0.0,6,6.5,3,3.0,1,1.0
703,NS_GREEN,0,0.0,5,5.5,3,3.0,1,1.0
704,NS_GREEN,0,0.0,5,5.5,3,3.0,1,1.0
705,NS_GREEN,0,0.0,4,4.5,3,3.0,2,2.0
706,NS_GREEN,0,0.0,4,6.0,3,3.0,2,2.0
707,NS_GREEN,0,0.0,3,5.0,3,3.0,2,2.0
708,NS_GREEN,1,1.0,3,5.0,4,4.5,2,2.0
709,NS_GREEN,0,0.0,2,4.0,4,4.5,3,3.0
710,NS_GREEN,0,0.0,2,2.5,4,4.5,3,3.0
711,NS_GREEN,0,0.0,1,1.5,4,4.5,3,3.0
712,NS_GREEN,1,1.0,0,0.0,4,4.5,3,3.0
713,NS_GREEN,0,0.0,0,0.0,5,6.5,3,3.0
714,NS_GREEN,0,0.0,1,1.0,5,6.5,3,3.0
715,NS_GREEN,0,0.0,0,0.0,5,6.5,3,3.0
716,NS_YELLOW,0,0.0,0,0.0,5,6.5,5,6.5
717,NS_YELLOW,0,0.0,0,0.0,5,6.5,5,6.5
718,NS_YELLOW,0,0.0,0,0.0,5,6.5,6,8.5
719,NS_YELLOW,0,0.0,0,0.0,5,6.5,6,8.5
720,EW_GREEN,0,0.0,0,0.0,4,5.5,5,7.5
721,EW_GREEN,0,0.0,0,0.0,3,4.5,5,7.5
722,EW_GREEN,0,0.0,0,0.0,2,3.5,4,6.5
723,EW_GREEN,0,0.0,0,0.0,1,2.0,3,5.0
724,EW_GREEN,0,0.0,0,0.0,0,0.0,3,4.5
725,EW_GREEN,0,0.0,0,0.0,0,0.0,2,2.5
726,EW_GREEN,0,0.0,0,0.0,0,0.0,1,1.5
727,EW_GREEN,0,0.0,0,0.0,0,0.0,1,1.0
728,EW_GREEN,0,0.0,0,0.0,0,0.0,0,0.0
729,EW_GREEN,0,0.0,0,0.0,0,0.0,0,0.0
730,EW_GREEN,0,0.0,0,0.0,0,0.0,0,0.0
731,EW_GREEN,0,0.0,0,0.0,0,0.0,0,0.0
732,EW_GREEN,0,0.0,1,1.0,0,0.0,0,0.0
733,EW_GREEN,1,2.0,1,1.0,0,0.0,0,0.0
734,EW_GREEN,1,2.0,1,1.0,0,0.0,0,0.0
735,EW_GREEN,1,2.0,1,1.0,0,0.0,0,0.0
736,EW_GREEN,1,2.0,1,1.0,0,0.0,0,0.0
737,EW_GREEN,2,5.0,1,1.0,0,0.0,0,0.0
738,EW_GREEN,2,5.0,1,1.0,0,0.0,0,0.0
739,EW_GREEN,2,5.0,1,1.0,0,0.0,0,0.0
740,EW_GREEN,2,5.0,1,1.0,0,0.0,0,0.0
741,EW_GREEN,4,7.5,1,1.0,0,0.0,0,0.0
742,EW_GREEN,4,7.5,1,1.0,0,0.0,0,0.0
743,EW_YELLOW,5,9.5,1,1.0,0,0.0,0,0.0
744,EW_YELLOW,5,9.5,1,1.0,0,0.0,0,0.0
745,EW_YELLOW,6,11.5,1,1.0,0,0.0,0,0.0
746,EW_YELLOW,6,11.5,1,1.0,0,0.0,0,0.0
747,NS_GREEN,5,9.5,0,0.0,0,0.0,0,0.0
748,NS_GREEN,4,6.5,0,0.0,1,1.0,0,0.0
749,NS_GREEN,3,5.0,0,0.0,1,1.0,0,0.0
750,NS_GREEN,2,4.0,0,0.0,1,1.0,1,1.0
751,NS_GREEN,2,3.0,0,0.0,1,1.0,2,2.0
752,NS_GREEN,1,1.0,0,0.0,1,1.0,2,2.0
753,NS_GREEN,0,0.0,0,0.0,1,1.0,3,3.0
754,NS_GREEN,0,0.0,0,0.0,1,1.0,3,3.0
755,NS_GREEN,0,0.0,0,0.0,1,1.0,3,3.0
756,NS_GREEN,0,0.0,0,0.0,1,1.0,3,3.0
757,NS_GREEN,0,0.0,0,0.0,1,1.0,3,3.0
758,NS_GREEN,0,0.0,0,0.0,1,1.0,3,3.0
759,NS_GREEN,0,0.0,0,0.0,2,2.5,3,3.0
760,NS_GREEN,0,0.0,0,0.0,2,2.5,3,3.0
761,NS_GREEN,0,0.0,0,0.0,2,2.5,3,3.0
762,NS_GREEN,0,0.0,0,0.0,2,2.5,3,3.0
763,NS_GREEN,1,1.0,0,0.0,2,2.5,3,3.0
764,NS_GREEN,1,1.0,0,0.0,2,2.5,3,3.0
765,NS_GREEN,0,0.0,0,0.0,2,2.5,4,4.0
766,NS_GREEN,0,0.0,0,0.0,2,2.5,4,4.0
767,NS_GREEN,0,0.0,0,0.0,2,2.5,4,4.0
768,NS_YELLOW,0,0.0,0,0.0,2,2.5,4,4.0
769,NS_YELLOW,0,0.0,1,1.0,2,2.5,4,4.0
770,NS_YELLOW,0,0.0,1,1.0,2,2.5,4,4.0
771,NS_YELLOW,1,2.0,1,1.0,2,2.5,4,4.0
772,EW_GREEN,1,2.0,2,2.0,1,1.5,3,3.0
773,EW_GREEN,2,3.0,2,2.0,0,0.0,2,2.0
774,EW_GREEN,2,3.0,2,2.0,0,0.0,1,1.0
775,EW_GREEN,3,4.0,2,2.0,0,0.0,0,0.0
776,EW_GREEN,4,5.0,3,3.0,0,0.0,0,0.0
777,EW_GREEN,4,5.0,3,3.0,0,0.0,0,0.0
778,EW_GREEN,5,6.0,3,3.0,0,0.0,0,0.0
779,EW_GREEN,5,6.0,3,3.0,0,0.0,0,0.0
780,EW_GREEN,5,6.0,3,3.0,0,0.0,0,0.0
781,EW_GREEN,5,6.0,3,3.0,0,0.0,0,0.0
782,EW_GREEN,5,6.0,3,3.0,0,0.0,0,0.0
783,EW_GREEN,5,6.0,4,4.0,0,0.0,0,0.0
784,EW_GREEN,5,6.0,4,4.0,0,0.0,0,0.0
785,EW_GREEN,5,6.0,4,4.0,0,0.0,0,0.0
786,EW_GREEN,5,6.0,4,4.0,0,0.0,0,0.0
787,EW_GREEN,5,6.0,4,4.0,0,0.0,0,0.0
788,EW_GREEN,5,6.0,4,4.0,0,0.0,0,0.0
789,EW_GREEN,6,7.0,4,4.0,0,0.0,0,0.0
790,EW_GREEN,6,7.0,4,4.0,0,0.0,0,0.0
791,EW_GREEN,6,7.0,4,4.0,0,0.0,0,0.0
792,EW_YELLOW,7,8.5,4,4.0,0,0.0,0,0.0
793,EW_YELLOW,8,9.5,4,4.0,1,1.0,0,0.0
794,EW_YELLOW,8,9.5,4,4.0,1,1.0,1,2.0
795,EW_YELLOW,8,9.5,5,5.0,1,1.0,1,2.0
796,NS_GREEN,7,7.5,5,5.0,1,1.0,1,2.0
797,NS_GREEN,7,7.5,4,4.0,1,1.0,1,2.0
798,NS_GREEN,6,6.5,3,3.0,1,1.0,1,2.0
799,NS_GREEN,5,5.5,2,2.0,2,2.0,1,2.0
800,NS_GREEN,5,5.5,1,1.0,2,2.0,2,3.0
801,NS_GREEN,4,4.5,0,0.0,2,2.0,2,3.0
802,NS_GREEN,3,3.0,0,0.0,2,2.0,2,3.0
803,NS_GREEN,2,2.0,0,0.0,2,2.0,2,3.0
804,NS_GREEN,1,1.0,0,0.0,2,2.0,2,3.0
805,NS_GREEN,1,1.5,0,0.0,2,2.0,2,3.0
806,NS_GREEN,0,0.0,0,0.0,2,2.0,2,3.0
807,NS_GREEN,0,0.0,0,0.0,2,2.0,2,3.0
808,NS_GREEN,0,0.0,0,0.0,2,2.0,2,3.0
809,NS_GREEN,0,0.0,0,0.0,2,2.0,2,3.0
810,NS_GREEN,0,0.0,0,0.0,2,2.0,2,3.0
811,NS_GREEN,0,0.0,0,0.0,2,2.0,2,3.0
812,NS_GREEN,0,0.0,0,0.0,2,2.0,2,3.0
813,NS_GREEN,0,0.0,0,0.0,2,2.0,2,3.0
814,NS_GREEN,0,0.0,0,0.0,2,2.0,2,3.0
815,NS_GREEN,0,0.0,0,0.0,3,3.0,2,3.0
816,NS_YELLOW,0,0.0,0,0.0,3,3.0,3,4.0
817,NS_YELLOW,2,2.0,0,0.0,3,3.0,3,4.0
818,NS_YELLOW,2,2.0,0,0.0,3,3.0,3,4.0
819,NS_YELLOW,2,2.0,0,0.0,3,3.0,3,4.0
820,EW_GREEN,2,2.0,1,1.0,2,2.0,2,2.0
821,EW_GREEN,3,3.0,2,2.0,1,1.0,1,1.0
822,EW_GREEN,6,6.0,2,2.0,0,0.0,0,0.0
823,EW_GREEN,6,6.0,2,2.0,0,0.0,0,0.0
824,EW_GREEN,6,6.0,2,2.0,0,0.0,0,0.0
825,EW_GREEN,6,6.0,3,3.5,0,0.0,0,0.0
826,EW_GREEN,6,6.0,3,3.5,0,0.0,0,0.0
827,EW_GREEN,6,6.0,3,3.5,0,0.0,0,0.0
828,EW_GREEN,6,6.0,3,3.5,0,0.0,0,0.0
829,EW_GREEN,6,6.0,3,3.5,0,0.0,0,0.0
830,EW_GREEN,7,8.0,3,3.5,0,0.0,0,0.0
831,EW_GREEN,7,8.0,4,5.0,0,0.0,0,0.0
832,EW_GREEN,9,10.5,5,8.0,0,0.0,0,0.0
833,EW_GREEN,9,10.5,6,9.5,0,0.0,0,0.0
834,EW_GREEN,9,10.5,6,9.5,0,0.0,0,0.0
835,EW_GREEN,10,11.5,6,9.5,0,0.0,0,0.0
836,EW_GREEN,10,11.5,6,9.5,0,0.0,0,0.0
837,EW_GREEN,10,11.5,6,9.5,0,0.0,0,0.0
838,EW_GREEN,10,11.5,6,9.5,0,0.0,0,0.0
839,EW_GREEN,10,11.5,8,13.5,0,0.0,0,0.0
840,EW_YELLOW,10,11.5,8,13.5,0,0.0,0,0.0
841,EW_YELLOW,11,12.5,8,13.5,0,0.0,0,0.0
842,EW_YELLOW,11,12.5,8,13.5,0,0.0,0,0.0
843,EW_YELLOW,11,12.5,9,14.5,0,0.0,0,0.0
844,NS_GREEN,10,11.5,9,15.5,0,0.0,0,0.0
845,NS_GREEN,10,11.5,8,14.5,0,0.0,0,0.0
846,NS_GREEN,10,11.5,7,13.0,0,0.0,0,0.0
847,NS_GREEN,9,10.5,6,11.5,1,1.0,0,0.0
848,NS_GREEN,8,9.5,5,8.5,1,1.0,0,0.0
849,NS_GREEN,7,8.5,4,7.0,2,4.0,0,0.0
850,NS_GREEN,7,8.0,3,6.0,2,4.0,0,0.0
851,NS_GREEN,6,7.0,2,3.0,2,4.0,0,0.0
852,NS_GREEN,5,5.5,1,2.0,2,4.0,0,0.0
853,NS_GREEN,4,4.5,0,0.0,2,4.0,0,0.0
854,NS_GREEN,4,5.0,0,0.0,2,4.0,0,0.0
855,NS_GREEN,3,4.0,0,0.0,2,4.0,0,0.0
856,NS_GREEN,2,3.0,0,0.0,3,5.0,0,0.0
857,NS_GREEN,1,1.5,0,0.0,3,5.0,0,0.0
858,NS_GREEN,0,0.0,0,0.0,3,5.0,0,0.0
859,NS_GREEN,0,0.0,0,0.0,3,5.0,2,2.0
860,NS_GREEN,0,0.0,0,0.0,3,5.0,2,2.0
861,NS_GREEN,0,0.0,0,0.0,3,5.0,2,2.0
862,NS_GREEN,0,0.0,0,0.0,3,5.0,2,2.0
863,NS_GREEN,0,0.0,0,0.0,3,5.0,2,2.0
864,NS_GREEN,0,0.0,0,0.0,3,5.0,2,2.0
865,NS_GREEN,0,0.0,0,0.0,4,6.0,2,2.0
866,NS_YELLOW,0,0.0,0,0.0,5,7.0,3,4.0
867,NS_YELLOW,0,0.0,0,0.0,5,7.0,3,4.0
868,NS_YELLOW,1,1.0,0,0.0,5,7.0,3,4.0
869,NS_YELLOW,1,1.0,0,0.0,5,7.0,3,4.0
870,EW_GREEN,1,1.0,1,2.0,4,6.0,2,3.0
871,EW_GREEN,1,1.0,1,2.0,3,3.0,1,2.0
872,EW_GREEN,1,1.0,1,2.0,2,2.0,0,0.0
873,EW_GREEN,1,1.0,2,3.0,1,1.0,0,0.0
874,EW_GREEN,1,1.0,3,4.0,0,0.0,0,0.0
875,EW_GREEN,1,1.0,3,4.0,0,0.0,0,0.0
876,EW_GREEN,1,1.0,3,4.0,0,0.0,0,0.0
877,EW_GREEN,1,1.0,3,4.0,0,0.0,0,0.0
878,EW_GREEN,1,1.0,3,4.0,0,0.0,0,0.0
879,EW_GREEN,1,1.0,3,4.0,0,0.0,0,0.0
880,EW_GREEN,2,2.5,3,4.0,0,0.0,0,0.0
881,EW_GREEN,2,2.5,3,4.0,0,0.0,0,0.0
882,EW_GREEN,2,2.5,3,4.0,0,0.0,0,0.0
883,EW_GREEN,4,4.5,4,5.5,0,0.0,0,0.0
884,EW_GREEN,4,4.5,4,5.5,0,0.0,0,0.0
885,EW_GREEN,4,4.5,4,5.5,0,0.0,0,0.0
886,EW_GREEN,5,5.5,5,6.5,0,0.0,0,0.0
887,EW_GREEN,5,5.5,6,7.5,0,0.0,0,0.0
888,EW_GREEN,5,5.5,6,7.5,0,0.0,0,0.0
889,EW_GREEN,5,5.5,7,8.5,0,0.0,0,0.0
890,EW_YELLOW,5,5.5,7,8.5,0,0.0,0,0.0
891,EW_YELLOW,5,5.5,8,9.5,0,0.0,0,0.0
892,EW_YELLOW,5,5.5,8,9.5,0,0.0,0,0.0
893,EW_YELLOW,5,5.5,8,9.5,0,0.0,0,0.0
894,NS_GREEN,4,4.5,8,9.0,0,0.0,0,0.0
895,NS_GREEN,3,3.0,7,8.0,1,1.0,0,0.0
896,NS_GREEN,2,2.0,6,7.0,1,1.0,0,0.0
897,NS_GREEN,1,1.0,5,5.5,2,2.0,1,1.0
898,NS_GREEN,0,0.0,5,5.5,3,4.0,1,1.0
899,NS_GREEN,0,0.0,5,5.5,3,4.0,1,1.0
900,NS_GREEN,0,0.0,4,4.5,3,4.0,2,2.5
901,NS_GREEN,0,0.0,4,4.5,3,4.0,2,2.5
902,NS_GREEN,0,0.0,3,3.0,4,7.0,2,2.5
903,NS_GREEN,0,0.0,2,2.0,4,7.0,2,2.5
904,NS_GREEN,0,0.0,2,2.0,4,7.0,2,2.5
905,NS_GREEN,0,0.0,1,1.0,4,7.0,2,2.5
906,NS_GREEN,0,0.0,0,0.0,4,7.0,2,2.5
907,NS_GREEN,0,0.0,0,0.0,6,9.0,4,4.5
908,NS_GREEN,0,0.0,0,0.0,7,12.0,4,4.5
909,NS_GREEN,0,0.0,0,0.0,7,12.0,4,4.5
910,NS_GREEN,0,0.0,0,0.0,8,13.0,4,4.5
911,NS_GREEN,0,0.0,0,0.0,8,13.0,5,5.5
912,NS_GREEN,0,0.0,0,0.0,9,14.0,6,7.0
913,NS_GREEN,0,0.0,0,0.0,9,14.0,6,7.0
914,NS_GREEN,0,0.0,1,1.0,9,14.0,6,7.0
915,NS_GREEN,0,0.0,1,1.5,9,14.0,6,7.0
916,NS_GREEN,0,0.0,0,0.0,9,14.0,6,7.0
917,NS_GREEN,0,0.0,0,0.0,10,15.0,6,7.0
918,NS_YELLOW,0,0.0,0,0.0,10,15.0,6,7.0
919,NS_YELLOW,1,1.0,0,0.0,10,15.0,6,7.0
920,NS_YELLOW,1,1.0,0,0.0,10,15.0,6,7.0
921,NS_YELLOW,3,3.0,0,0.0,10,15.0,6,7.0
922,EW_GREEN,5,5.5,1,1.5,9,14.0,5,6.0
923,EW_GREEN,6,6.5,1,1.5,8,13.0,4,4.5
924,EW_GREEN,6,6.5,1,1.5,7,11.0,4,4.5
925,EW_GREEN,6,6.5,1,1.5,6,8.0,3,3.5
926,EW_GREEN,6,6.5,1,1.5,5,7.0,2,2.5
927,EW_GREEN,6,6.5,1,1.5,4,6.0,1,1.0
928,EW_GREEN,7,9.5,1,1.5,3,3.0,0,0.0
929,EW_GREEN,7,9.5,1,1.5,2,2.0,0,0.0
930,EW_GREEN,7,9.5,3,5.0,1,1.0,0,0.0
931,EW_GREEN,7,9.5,3,5.0,0,0.0,0,0.0
932,EW_GREEN,7,9.5,3,5.0,0,0.0,0,0.0
933,EW_GREEN,7,9.5,3,5.0,0,0.0,0,0.0
934,EW_GREEN,7,9.5,3,5.0,0,0.0,0,0.0
935,EW_GREEN,7,9.5,4,6.0,0,0.0,0,0.0
936,EW_GREEN,7,9.5,5,7.0,0,0.0,0,0.0
937,EW_GREEN,7,9.5,5,7.0,0,0.0,0,0.0
938,EW_GREEN,9,12.0,5,7.0,0,0.0,0,0.0
939,EW_GREEN,9,12.0,6,8.0,0,0.0,0,0.0
940,EW_GREEN,10,14.0,6,8.0,0,0.0,0,0.0
941,EW_GREEN,10,14.0,7,11.0,0,0.0,0,0.0
942,EW_GREEN,10,14.0,7,11.0,0,0.0,0,0.0
943,EW_YELLOW,11,15.5,7,11.0,0,0.0,0,0.0
944,EW_YELLOW,11,15.5,7,11.0,0,0.0,0,0.0
945,EW_YELLOW,11,15.5,7,11.0,0,0.0,0,0.0
946,EW_YELLOW,11,15.5,8,12.0,0,0.0,0,0.0
947,NS_GREEN,10,14.5,7,10.5,0,0.0,0,0.0
948,NS_GREEN,9,13.5,6,9.0,0,0.0,0,0.0
949,NS_GREEN,8,12.5,5,7.0,0,0.0,0,0.0
950,NS_GREEN,8,12.5,4,6.0,0,0.0,0,0.0
951,NS_GREEN,7,11.0,3,5.0,0,0.0,1,1.0
952,NS_GREEN,7,11.0,2,4.0,0,0.0,1,1.0
953,NS_GREEN,6,8.0,1,1.0,0,0.0,2,3.0
954,NS_GREEN,5,6.5,0,0.0,0,0.0,3,4.5
955,NS_GREEN,4,5.5,0,0.0,0,0.0,3,4.5
956,NS_GREEN,4,4.5,0,0.0,1,1.0,4,5.5
957,NS_GREEN,3,3.0,0,0.0,1,1.0,4,5.5
958,NS_GREEN,3,3.0,0,0.0,1,1.0,5,8.5
959,NS_GREEN,2,2.0,0,0.0,1,1.0,5,8.5
960,NS_GREEN,1,1.0,0,0.0,2,2.0,5,8.5
961,NS_GREEN,0,0.0,0,0.0,2,2.0,5,8.5
962,NS_GREEN,0,0.0,0,0.0,2,2.0,5,8.5
963,NS_GREEN,0,0.0,0,0.0,3,3.0,5,8.5
964,NS_GREEN,0,0.0,0,0.0,3,3.0,6,9.5
965,NS_GREEN,0,0.0,0,0.0,3,3.0,6,9.5
966,NS_GREEN,0,0.0,0,0.0,3,3.0,6,9.5
967,NS_YELLOW,0,0.0,0,0.0,3,3.0,6,9.5
968,NS_YELLOW,0,0.0,0,0.0,3,3.0,6,9.5
969,NS_YELLOW,0,0.0,1,1.0,4,4.0,6,9.5
970,NS_YELLOW,0,0.0,2,3.0,4,4.0,6,9.5
971,EW_GREEN,0,0.0,2,3.0,3,3.0,5,8.5
972,EW_GREEN,1,2.0,2,3.0,2,2.0,4,6.5
973,EW_GREEN,2,3.0,2,3.0,1,1.0,3,5.0
974,EW_GREEN,2,3.0,2,3.0,0,0.0,2,4.0
975,EW_GREEN,4,6.0,2,3.0,0,0.0,1,1.0
976,EW_GREEN,4,6.0,2,3.0,0,0.0,0,0.0
977,EW_GREEN,4,6.0,2,3.0,0,0.0,0,0.0
978,EW_GREEN,4,6.0,2,3.0,0,0.0,0,0.0
979,EW_GREEN,5,7.0,2,3.0,0,0.0,0,0.0
980,EW_GREEN,6,8.0,2,3.0,0,0.0,0,0.0
981,EW_GREEN,7,9.0,2,3.0,0,0.0,0,0.0
982,EW_GREEN,7,9.0,2,3.0,0,0.0,0,0.0
983,EW_GREEN,7,9.0,2,3.0,0,0.0,0,0.0
984,EW_GREEN,7,9.0,2,3.0,0,0.0,0,0.0
985,EW_GREEN,7,9.0,2,3.0,0,0.0,0,0.0
986,EW_GREEN,8,10.0,2,3.0,0,0.0,0,0.0
987,EW_GREEN,9,11.0,2,3.0,0,0.0,0,0.0
988,EW_GREEN,9,11.0,3,4.5,0,0.0,0,0.0
989,EW_GREEN,9,11.0,3,4.5,0,0.0,0,0.0
990,EW_GREEN,9,11.0,3,4.5,0,0.0,0,0.0
991,EW_YELLOW,9,11.0,3,4.5,0,0.0,0,0.0
992,EW_YELLOW,9,11.0,3,4.5,0,0.0,0,0.0
993,EW_YELLOW,9,11.0,4,5.5,0,0.0,0,0.0
994,EW_YELLOW,9,11.0,4,5.5,0,0.0,0,0.0
995,NS_GREEN,8,9.0,4,6.5,0,0.0,0,0.0
996,NS_GREEN,7,8.0,3,4.5,0,0.0,0,0.0
997,NS_GREEN,6,6.0,2,3.0,0,0.0,1,1.0
998,NS_GREEN,6,6.0,1,2.0,0,0.0,1,1.0
999,NS_GREEN,5,5.0,0,0.0,0,0.0,1,1.0
1000,NS_GREEN,4,4.0,0,0.0,0,0.0,1,1.0
1001,NS_GREEN,3,3.0,0,0.0,0,0.0,1,1.0
1002,NS_GREEN,3,4.0,0,0.0,0,0.0,3,5.0
1003,NS_GREEN,2,3.0,0,0.0,1,1.0,3,5.0
1004,NS_GREEN,1,2.0,0,0.0,1,1.0,4,6.0
1005,NS_GREEN,0,0.0,0,0.0,1,1.0,4,6.0
1006,NS_GREEN,0,0.0,0,0.0,1,1.0,4,6.0
1007,NS_GREEN,0,0.0,0,0.0,1,1.0,4,6.0
1008,NS_GREEN,0,0.0,0,0.0,1,1.0,4,6.0
1009,NS_GREEN,0,0.0,0,0.0,1,1.0,4,6.0
1010,NS_GREEN,0,0.0,0,0.0,1,1.0,5,7.0
1011,NS_GREEN,0,0.0,0,0.0,1,1.0,6,8.0
1012,NS_GREEN,0,0.0,0,0.0,1,1.0,6,8.0
1013,NS_GREEN,0,0.0,0,0.0,1,1.0,6,8.0
1014,NS_GREEN,1,1.5,0,0.0,1,1.0,6,8.0
1015,NS_GREEN,0,0.0,0,0.0,1,1.0,6,8.0
1016,NS_GREEN,1,1.0,0,0.0,1,1.0,6,8.0
1017,NS_GREEN,0,0.0,0,0.0,1,1.0,6,8.0
1018,NS_YELLOW,0,0.0,0,0.0,2,2.0,6,8.0
1019,NS_YELLOW,0,0.0,0,0.0,2,2.0,6,8.0
1020,NS_YELLOW,0,0.0,0,0.0,2,2.0,6,8.0
1021,NS_YELLOW,0,0.0,0,0.0,2,2.0,6,8.0
1022,EW_GREEN,0,0.0,0,0.0,1,1.0,5,7.0
1023,EW_GREEN,0,0.0,0,0.0,0,0.0,4,6.0
1024,EW_GREEN,0,0.0,0,0.0,0,0.0,3,3.0
1025,EW_GREEN,0,0.0,0,0.0,0,0.0,2,2.0
1026,EW_GREEN,0,0.0,0,0.0,0,0.0,1,1.0
1027,EW_GREEN,0,0.0,0,0.0,0,0.0,0,0.0
1028,EW_GREEN,0,0.0,2,2.0,0,0.0,0,0.0
1029,EW_GREEN,0,0.0,3,3.0,0,0.0,0,0.0
1030,EW_GREEN,0,0.0,3,3.0,0,0.0,0,0.0
1031,EW_GREEN,0,0.0,3,3.0,0,0.0,0,0.0
1032,EW_GREEN,1,1.0,3,3.0,0,0.0,0,0.0
1033,EW_GREEN,1,1.0,3,3.0,0,0.0,0,0.0
1034,EW_GREEN,1,1.0,3,3.0,0,0.0,0,0.0
1035,EW_GREEN,2,2.0,5,5.0,0,0.0,0,0.0
1036,EW_GREEN,2,2.0,5,5.0,0,0.0,0,0.0
1037,EW_GREEN,2,2.0,5,5.0,0,0.0,0,0.0
1038,EW_GREEN,2,2.0,5,5.0,0,0.0,0,0.0
1039,EW_GREEN,3,3.0,5,5.0,0,0.0,0,0.0
1040,EW_GREEN,3,3.0,5,5.0,0,0.0,0,0.0
1041,EW_GREEN,3,3.0,5,5.0,0,0.0,0,0.0
1042,EW_YELLOW,4,6.0,5,5.0,0,0.0,0,0.0
1043,EW_YELLOW,4,6.0,5,5.0,0,0.0,0,0.0
1044,EW_YELLOW,4,6.0,5,5.0,0,0.0,1,1.0
1045,EW_YELLOW,4,6.0,5,5.0,0,0.0,2,2.5
1046,NS_GREEN,4,6.5,4,4.0,0,0.0,2,2.5
1047,NS_GREEN,3,5.5,4,4.0,0,0.0,2,2.5
1048,NS_GREEN,2,4.5,3,3.0,0,0.0,2,2.5
1049,NS_GREEN,1,1.5,3,3.0,0,0.0,2,2.5
1050,NS_GREEN,0,0.0,2,2.0,0,0.0,2,2.5
1051,NS_GREEN,0,0.0,1,1.0,0,0.0,2,2.5
1052,NS_GREEN,0,0.0,0,0.0,0,0.0,2,2.5
1053,NS_GREEN,0,0.0,0,0.0,0,0.0,3,3.5
1054,NS_GREEN,0,0.0,0,0.0,0,0.0,3,3.5
1055,NS_GREEN,0,0.0,0,0.0,0,0.0,3,3.5
1056,NS_GREEN,0,0.0,0,0.0,0,0.0,3,3.5
1057,NS_GREEN,0,0.0,0,0.0,0,0.0,3,3.5
1058,NS_GREEN,0,0.0,0,0.0,0,0.0,3,3.5
1059,NS_GREEN,0,0.0,0,0.0,0,0.0,3,3.5
1060,NS_GREEN,0,0.0,0,0.0,0,0.0,3,3.5
1061,NS_GREEN,0,0.0,0,0.0,1,3.0,3,3.5
1062,NS_GREEN,0,0.0,0,0.0,1,3.0,4,4.5
1063,NS_GREEN,0,0.0,0,0.0,1,3.0,4,4.5
1064,NS_GREEN,0,0.0,0,0.0,1,3.0,5,5.5
1065,NS_GREEN,0,0.0,0,0.0,1,3.0,5,5.5
1066,NS_GREEN,0,0.0,0,0.0,2,4.0,5,5.5
1067,NS_YELLOW,0,0.0,0,0.0,2,4.0,5,5.5
1068,NS_YELLOW,0,0.0,0,0.0,2,4.0,5,5.5
1069,NS_YELLOW,0,0.0,0,0.0,3,5.5,5,5.5
1070,NS_YELLOW,0,0.0,1,1.0,4,6.5,5,5.5
1071,EW_GREEN,0,0.0,1,1.0,3,3.5,5,6.5
1072,EW_GREEN,0,0.0,1,1.0,2,2.5,4,5.0
1073,EW_GREEN,0,0.0,2,2.0,2,2.5,4,5.0
1074,EW_GREEN,0,0.0,2,2.0,2,3.0,3,4.0
1075,EW_GREEN,0,0.0,2,2.0,2,2.5,2,3.0
1076,EW_GREEN,0,0.0,3,3.5,1,1.0,1,1.0
1077,EW_GREEN,0,0.0,3,3.5,0,0.0,0,0.0
1078,EW_GREEN,0,0.0,3,3.5,0,0.0,0,0.0
1079,EW_GREEN,0,0.0,3,3.5,0,0.0,0,0.0
1080,EW_GREEN,0,0.0,4,4.5,0,0.0,0,0.0
1081,EW_GREEN,0,0.0,4,4.5,0,0.0,0,0.0
1082,EW_GREEN,0,0.0,4,4.5,0,0.0,0,0.0
1083,EW_GREEN,0,0.0,4,4.5,0,0.0,0,0.0
1084,EW_GREEN,0,0.0,4,4.5,0,0.0,0,0.0
1085,EW_GREEN,0,0.0,4,4.5,0,0.0,0,0.0
1086,EW_GREEN,0,0.0,4,4.5,0,0.0,0,0.0
1087,EW_GREEN,0,0.0,4,4.5,0,0.0,0,0.0
1088,EW_GREEN,1,2.0,4,4.5,0,0.0,0,0.0
1089,EW_GREEN,1,2.0,4,4.5,0,0.0,0,0.0
1090,EW_GREEN,1,2.0,4,4.5,0,0.0,0,0.0
1091,EW_GREEN,1,2.0,4,4.5,0,0.0,0,0.0
1092,EW_GREEN,1,2.0,4,4.5,0,0.0,0,0.0
1093,EW_GREEN,1,2.0,4,4.5,0,0.0,0,0.0
1094,EW_GREEN,1,2.0,4,4.5,0,0.0,0,0.0
1095,EW_GREEN,1,2.0,4,4.5,1,1.0,0,0.0
1096,EW_GREEN,1,2.0,4,4.5,0,0.0,0,0.0
1097,EW_GREEN,1,2.0,4,4.5,0,0.0,0,0.0
1098,EW_YELLOW,1,2.0,5,5.5,0,0.0,0,0.0
1099,EW_YELLOW,1,2.0,5,5.5,0,0.0,0,0.0
1100,EW_YELLOW,1,2.0,5,5.5,0,0.0,0,0.0
1101,EW_YELLOW,2,3.0,5,5.5,0,0.0,0,0.0
1102,NS_GREEN,1,1.0,4,4.5,0,0.0,1,1.0
1103,NS_GREEN,0,0.0,3,3.5,0,0.0,1,1.0
1104,NS_GREEN,0,0.0,2,2.0,1,1.0,1,1.0
1105,NS_GREEN,0,0.0,1,1.0,2,2.0,2,2.0
1106,NS_GREEN,0,0.0,1,1.0,2,2.0,2,2.0
1107,NS_GREEN,0,0.0,0,0.0,2,2.0,2,2.0
1108,NS_GREEN,0,0.0,0,0.0,2,2.0,2,2.0
1109,NS_GREEN,1,1.0,0,0.0,3,3.5,2,2.0
1110,NS_GREEN,0,0.0,0,0.0,3,3.5,3,3.5
1111,NS_GREEN,0,0.0,0,0.0,5,5.5,3,3.5
1112,NS_GREEN,0,0.0,0,0.0,5,5.5,3,3.5
1113,NS_GREEN,0,0.0,0,0.0,5,5.5,3,3.5
1114,NS_GREEN,0,0.0,0,0.0,6,6.5,3,3.5
1115,NS_GREEN,0,0.0,0,0.0,6,6.5,3,3.5
1116,NS_GREEN,0,0.0,0,0.0,6,6.5,3,3.5
1117,NS_GREEN,0,0.0,0,0.0,6,6.5,3,3.5
1118,NS_GREEN,0,0.0,0,0.0,6,6.5,3,3.5
1119,NS_GREEN,0,0.0,0,0.0,6,6.5,3,3.5
1120,NS_GREEN,0,0.0,0,0.0,6,6.5,3,3.5
1121,NS_GREEN,0,0.0,0,0.0,6,6.5,3,3.5
1122,NS_GREEN,0,0.0,0,0.0,6,6.5,3,3.5
1123,NS_GREEN,0,0.0,0,0.0,7,8.0,3,3.5
1124,NS_YELLOW,0,0.0,0,0.0,7,8.0,3,3.5
1125,NS_YELLOW,1,1.5,0,0.0,7,8.0,3,3.5
1126,NS_YELLOW,1,1.5,0,0.0,7,8.0,3,3.5
1127,NS_YELLOW,1,1.5,0,0.0,8,9.5,4,4.5
1128,EW_GREEN,1,1.5,0,0.0,7,8.5,3,3.5
1129,EW_GREEN,2,2.5,0,0.0,6,7.5,2,2.5
1130,EW_GREEN,2,2.5,0,0.0,5,6.0,1,1.0
1131,EW_GREEN,2,2.5,0,0.0,4,5.0,0,0.0
1132,EW_GREEN,3,3.5,0,0.0,3,4.0,0,0.0
1133,EW_GREEN,3,3.5,0,0.0,2,3.0,0,0.0
1134,EW_GREEN,4,4.5,0,0.0,1,1.5,0,0.0
1135,EW_GREEN,5,5.5,0,0.0,0,0.0,0,0.0
1136,EW_GREEN,5,5.5,0,0.0,0,0.0,0,0.0
1137,EW_GREEN,5,5.5,0,0.0,1,1.5,0,0.0
1138,EW_GREEN,6,6.5,0,0.0,0,0.0,0,0.0
1139,EW_GREEN,7,8.0,1,1.0,0,0.0,0,0.0
1140,EW_GREEN,7,8.0,2,2.0,0,0.0,0,0.0
1141,EW_GREEN,7,8.0,3,3.0,0,0.0,0,0.0
1142,EW_GREEN,7,8.0,3,3.0,0,0.0,0,0.0
1143,EW_GREEN,7,8.0,3,3.0,0,0.0,0,0.0
1144,EW_GREEN,7,8.0,4,4.5,0,0.0,0,0.0
1145,EW_GREEN,7,8.0,4,4.5,0,0.0,0,0.0
1146,EW_GREEN,7,8.0,4,4.5,0,0.0,0,0.0
1147,EW_GREEN,7,8.0,4,4.5,0,0.0,0,0.0
1148,EW_YELLOW,7,8.0,5,6.5,0,0.0,0,0.0
1149,EW_YELLOW,8,9.0,6,7.5,0,0.0,0,0.0
1150,EW_YELLOW,8,9.0,6,7.5,1,1.0,0,0.0
1151,EW_YELLOW,8,9.0,6,7.5,1,1.0,0,0.0
1152,NS_GREEN,8,8.5,5,6.5,1,1.0,0,0.0
1153,NS_GREEN,7,7.5,4,5.5,1,1.0,0,0.0
1154,NS_GREEN,6,6.5,3,4.5,1,1.0,0,0.0
1155,NS_GREEN,5,5.5,2,3.0,1,1.0,0,0.0
1156,NS_GREEN,4,4.5,1,1.0,1,1.0,1,1.0
1157,NS_GREEN,3,3.5,1,1.0,1,1.0,1,1.0
1158,NS_GREEN,3,3.0,0,0.0,2,2.0,1,1.0
1159,NS_GREEN,2,2.0,0,0.0,2,2.0,1,1.0
1160,NS_GREEN,3,4.0,0,0.0,2,2.0,1,1.0
1161,NS_GREEN,2,3.0,0,0.0,2,2.0,1,1.0
1162,NS_GREEN,1,2.0,0,0.0,2,2.0,1,1.0
1163,NS_GREEN,0,0.0,0,0.0,2,2.0,1,1.0
1164,NS_GREEN,0,0.0,0,0.0,2,2.0,2,2.0
1165,NS_GREEN,0,0.0,0,0.0,2,2.0,2,2.0
1166,NS_GREEN,0,0.0,0,0.0,2,2.0,2,2.0
1167,NS_GREEN,0,0.0,0,0.0,3,3.0,2,2.0
1168,NS_GREEN,0,0.0,0,0.0,3,3.0,2,2.0
1169,NS_GREEN,0,0.0,0,0.0,3,3.0,3,3.0
1170,NS_GREEN,0,0.0,0,0.0,3,3.0,3,3.0
1171,NS_GREEN,0,0.0,0,0.0,3,3.0,4,4.0
1172,NS_GREEN,0,0.0,0,0.0,3,3.0,4,4.0
1173,NS_GREEN,1,1.0,2,2.5,3,3.0,4,4.0
1174,NS_GREEN,0,0.0,1,1.0,3,3.0,5,5.0
1175,NS_GREEN,0,0.0,0,0.0,3,3.0,6,7.0
1176,NS_GREEN,0,0.0,0,0.0,3,3.0,8,9.0
1177,NS_YELLOW,0,0.0,0,0.0,3,3.0,8,9.0
1178,NS_YELLOW,0,0.0,0,0.0,3,3.0,8,9.0
1179,NS_YELLOW,0,0.0,1,3.0,3,3.0,8,9.0
1180,NS_YELLOW,0,0.0,1,3.0,3,3.0,8,9.0
1181,EW_GREEN,0,0.0,1,3.0,3,3.0,7,8.0
1182,EW_GREEN,0,0.0,1,3.0,2,2.0,6,7.0
1183,EW_GREEN,0,0.0,1,3.0,1,1.0,6,7.0
1184,EW_GREEN,1,1.0,1,3.0,0,0.0,5,6.0
1185,EW_GREEN,1,1.0,1,3.0,0,0.0,4,5.0
1186,EW_GREEN,1,1.0,2,6.0,0,0.0,3,3.0
1187,EW_GREEN,1,1.0,2,6.0,0,0.0,2,2.0
1188,EW_GREEN,2,2.0,2,6.0,0,0.0,1,1.0
1189,EW_GREEN,2,2.0,2,6.0,0,0.0,0,0.0
1190,EW_GREEN,3,3.0,2,6.0,0,0.0,0,0.0
1191,EW_GREEN,3,3.0,2,6.0,0,0.0,0,0.0
1192,EW_GREEN,3,3.0,2,6.0,0,0.0,0,0.0
1193,EW_GREEN,3,3.0,2,6.0,0,0.0,0,0.0
1194,EW_GREEN,3,3.0,2,6.0,0,0.0,0,0.0
1195,EW_GREEN,3,3.0,2,6.0,0,0.0,0,0.0
1196,EW_GREEN,3,3.0,2,6.0,0,0.0,0,0.0
1197,EW_GREEN,3,3.0,2,6.0,0,0.0,0,0.0
1198,EW_GREEN,4,4.0,2,6.0,0,0.0,0,0.0
1199,EW_GREEN,4,4.0,3,7.0,0,0.0,0,0.0
1200,EW_GREEN,4,4.0,3,7.0,0,0.0,0,0.0
1201,EW_GREEN,4,4.0,3,7.0,0,0.0,0,0.0
1202,EW_YELLOW,4,4.0,3,7.0,0,0.0,0,0.0
1203,EW_YELLOW,4,4.0,3,7.0,0,0.0,0,0.0
1204,EW_YELLOW,4,4.0,3,7.0,0,0.0,0,0.0
1205,EW_YELLOW,5,5.5,3,7.0,0,0.0,0,0.0
1206,NS_GREEN,4,4.5,2,4.0,0,0.0,0,0.0
1207,NS_GREEN,3,3.5,1,1.0,0,0.0,0,0.0
1208,NS_GREEN,2,2.5,0,0.0,0,0.0,0,0.0
1209,NS_GREEN,1,1.5,0,0.0,0,0.0,0,0.0
1210,NS_GREEN,1,1.0,0,0.0,0,0.0,0,0.0
1211,NS_GREEN,1,1.0,0,0.0,1,1.0,1,1.5
1212,NS_GREEN,0,0.0,0,0.0,1,1.0,1,1.5
1213,NS_GREEN,0,0.0,0,0.0,1,1.0,1,1.5
1214,NS_GREEN,0,0.0,0,0.0,1,1.0,1,1.5
1215,NS_GREEN,0,0.0,0,0.0,1,1.0,1,1.5
1216,NS_GREEN,0,0.0,0,0.0,2,2.0,1,1.5
1217,NS_GREEN,0,0.0,0,0.0,3,3.0,2,2.5
1218,NS_GREEN,0,0.0,0,0.0,3,3.0,2,2.5
1219,NS_GREEN,0,0.0,0,0.0,3,3.0,2,2.5
1220,NS_GREEN,0,0.0,0,0.0,3,3.0,2,2.5
1221,NS_GREEN,0,0.0,0,0.0,3,3.0,2,2.5
1222,NS_GREEN,0,0.0,0,0.0,3,3.0,2,2.5
1223,NS_GREEN,0,0.0,0,0.0,3,3.0,2,2.5
1224,NS_GREEN,1,1.5,0,0.0,3,3.0,2,2.5
1225,NS_GREEN,1,2.0,0,0.0,3,3.0,3,4.5
1226,NS_GREEN,0,0.0,0,0.0,3,3.0,3,4.5
1227,NS_GREEN,0,0.0,0,0.0,3,3.0,3,4.5
1228,NS_GREEN,0,0.0,0,0.0,3,3.0,3,4.5
1229,NS_YELLOW,0,0.0,0,0.0,3,3.0,3,4.5
1230,NS_YELLOW,0,0.0,0,0.0,3,3.0,5,7.5
1231,NS_YELLOW,1,1.0,1,1.0,3,3.0,5,7.5
1232,NS_YELLOW,1,1.0,1,1.0,4,4.0,5,7.5
1233,EW_GREEN,2,2.0,2,2.0,4,4.0,4,6.0
1234,EW_GREEN,3,3.0,2,2.0,3,3.0,3,5.0
1235,EW_GREEN,4,4.0,2,2.0,2,2.0,2,3.0
1236,EW_GREEN,4,4.0,2,2.0,1,1.0,1,2.0
1237,EW_GREEN,5,5.0,2,2.0,0,0.0,0,0.0
1238,EW_GREEN,6,6.5,2,2.0,0,0.0,0,0.0
1239,EW_GREEN,6,6.5,2,2.0,0,0.0,0,0.0
1240,EW_GREEN,7,7.5,2,2.0,0,0.0,0,0.0
1241,EW_GREEN,8,8.5,2,2.0,0,0.0,0,0.0
1242,EW_GREEN,8,8.5,2,2.0,0,0.0,0,0.0
1243,EW_GREEN,8,8.5,3,3.0,0,0.0,0,0.0
1244,EW_GREEN,8,8.5,3,3.0,0,0.0,0,0.0
1245,EW_GREEN,8,8.5,3,3.0,0,0.0,0,0.0
1246,EW_GREEN,8,8.5,4,4.0,0,0.0,0,0.0
1247,EW_GREEN,9,9.5,4,4.0,0,0.0,0,0.0
1248,EW_GREEN,9,9.5,4,4.0,0,0.0,0,0.0
1249,EW_GREEN,9,9.5,4,4.0,0,0.0,0,0.0
1250,EW_GREEN,9,9.5,4,4.0,1,1.5,0,0.0
1251,EW_GREEN,9,9.5,4,4.0,0,0.0,0,0.0
1252,EW_GREEN,10,10.5,4,4.0,0,0.0,0,0.0
1253,EW_GREEN,10,10.5,4,4.0,0,0.0,0,0.0
1254,EW_YELLOW,10,10.5,4,4.0,0,0.0,0,0.0
1255,EW_YELLOW,10,10.5,4,4.0,0,0.0,0,0.0
1256,EW_YELLOW,10,10.5,4,4.0,0,0.0,0,0.0
1257,EW_YELLOW,10,10.5,4,4.0,0,0.0,0,0.0
1258,NS_GREEN,11,11.5,3,3.0,0,0.0,0,0.0
1259,NS_GREEN,10,10.5,2,2.0,0,0.0,0,0.0
1260,NS_GREEN,9,9.5,2,2.0,0,0.0,0,0.0
1261,NS_GREEN,8,8.5,3,4.0,2,3.5,1,1.0
1262,NS_GREEN,8,8.5,2,3.0,2,3.5,1,1.0
1263,NS_GREEN,7,7.0,1,2.0,3,4.5,1,1.0
1264,NS_GREEN,6,6.0,0,0.0,3,4.5,1,1.0
1265,NS_GREEN,5,5.0,0,0.0,3,4.5,1,1.0
1266,NS_GREEN,4,4.0,0,0.0,3,4.5,1,1.0
1267,NS_GREEN,3,3.0,0,0.0,3,4.5,1,1.0
1268,NS_GREEN,2,2.0,0,0.0,3,4.5,1,1.0
1269,NS_GREEN,2,2.0,0,0.0,3,4.5,1,1.0
1270,NS_GREEN,1,1.0,0,0.0,3,4.5,1,1.0
1271,NS_GREEN,0,0.0,0,0.0,3,4.5,1,1.0
1272,NS_GREEN,0,0.0,0,0.0,3,4.5,1,1.0
1273,NS_GREEN,0,0.0,0,0.0,3,4.5,1,1.0
1274,NS_GREEN,0,0.0,0,0.0,3,4.5,1,1.0
1275,NS_GREEN,0,0.0,0,0.0,3,4.5,1,1.0
1276,NS_GREEN,0,0.0,0,0.0,4,5.5,1,1.0
1277,NS_GREEN,0,0.0,0,0.0,4,5.5,1,1.0
1278,NS_GREEN,0,0.0,0,0.0,4,5.5,1,1.0
1279,NS_GREEN,0,0.0,0,0.0,4,5.5,1,1.0
1280,NS_GREEN,0,0.0,0,0.0,4,5.5,1,1.0
1281,NS_GREEN,0,0.0,0,0.0,4,5.5,1,1.0
1282,NS_GREEN,0,0.0,0,0.0,4,5.5,1,1.0
1283,NS_GREEN,0,0.0,0,0.0,4,5.5,1,1.0
1284,NS_GREEN,0,0.0,0,0.0,4,5.5,1,1.0
1285,NS_GREEN,0,0.0,0,0.0,4,5.5,1,1.0
1286,NS_GREEN,0,0.0,0,0.0,6,10.0,1,1.0
1287,NS_YELLOW,0,0.0,0,0.0,6,10.0,1,1.0
1288,NS_YELLOW,0,0.0,0,0.0,6,10.0,1,1.0
1289,NS_YELLOW,0,0.0,0,0.0,6,10.0,2,2.0
1290,NS_YELLOW,0,0.0,0,0.0,6,10.0,2,2.0
1291,EW_GREEN,0,0.0,0,0.0,5,8.5,1,1.0
1292,EW_GREEN,0,0.0,0,0.0,4,6.5,0,0.0
1293,EW_GREEN,0,0.0,0,0.0,3,5.5,0,0.0
1294,EW_GREEN,0,0.0,1,1.0,2,4.5,0,0.0
1295,EW_GREEN,0,0.0,2,2.0,1,1.5,0,0.0
1296,EW_GREEN,0,0.0,2,2.0,0,0.0,0,0.0
1297,EW_GREEN,0,0.0,2,2.0,0,0.0,0,0.0
1298,EW_GREEN,0,0.0,3,3.0,0,0.0,0,0.0
1299,EW_GREEN,0,0.0,3,3.0,0,0.0,0,0.0
1300,EW_GREEN,0,0.0,3,3.0,0,0.0,0,0.0
1301,EW_GREEN,2,3.0,3,3.0,0,0.0,0,0.0
1302,EW_GREEN,2,3.0,4,4.0,0,0.0,0,0.0
1303,EW_GREEN,2,3.0,4,4.0,0,0.0,0,0.0
1304,EW_GREEN,2,3.0,4,4.0,0,0.0,0,0.0
1305,EW_GREEN,2,3.0,5,6.0,0,0.0,0,0.0
1306,EW_GREEN,3,4.0,5,6.0,0,0.0,0,0.0
1307,EW_GREEN,3,4.0,5,6.0,0,0.0,0,0.0
1308,EW_GREEN,3,4.0,6,7.0,0,0.0,0,0.0
1309,EW_GREEN,3,4.0,6,7.0,0,0.0,0,0.0
1310,EW_GREEN,4,5.0,6,7.0,0,0.0,0,0.0
1311,EW_YELLOW,4,5.0,6,7.0,0,0.0,0,0.0
1312,EW_YELLOW,5,7.0,6,7.0,0,0.0,0,0.0
1313,EW_YELLOW,5,7.0,6,7.0,0,0.0,0,0.0
1314,EW_YELLOW,6,8.0,6,7.0,0,0.0,0,0.0
1315,NS_GREEN,5,6.0,5,6.0,0,0.0,1,1.0
1316,NS_GREEN,4,5.0,4,5.0,1,1.0,1,1.0
1317,NS_GREEN,4,5.0,3,4.0,1,1.0,1,1.0
1318,NS_GREEN,4,5.5,2,3.0,1,1.0,2,2.5
1319,NS_GREEN,3,3.5,1,1.0,1,1.0,2,2.5
1320,NS_GREEN,2,2.5,0,0.0,1,1.0,2,2.5
1321,NS_GREEN,2,2.5,0,0.0,1,1.0,3,4.0
1322,NS_GREEN,2,4.0,0,0.0,1,1.0,3,4.0
1323,NS_GREEN,1,3.0,0,0.0,1,1.0,3,4.0
1324,NS_GREEN,0,0.0,0,0.0,3,3.0,4,5.0
1325,NS_GREEN,0,0.0,0,0.0,3,3.0,4,5.0
1326,NS_GREEN,0,0.0,0,0.0,4,4.0,4,5.0
1327,NS_GREEN,0,0.0,0,0.0,7,7.0,4,5.0
1328,NS_GREEN,0,0.0,0,0.0,7,7.0,4,5.0
1329,NS_GREEN,0,0.0,0,0.0,7,7.0,4,5.0
1330,NS_GREEN,0,0.0,0,0.0,8,8.0,5,6.0
1331,NS_GREEN,0,0.0,0,0.0,8,8.0,5,6.0
1332,NS_GREEN,0,0.0,0,0.0,8,8.0,5,6.0
1333,NS_GREEN,0,0.0,0,0.0,8,8.0,6,7.0
1334,NS_GREEN,0,0.0,0,0.0,8,8.0,6,7.0
1335,NS_GREEN,0,0.0,0,0.0,8,8.0,6,7.0
1336,NS_YELLOW,0,0.0,0,0.0,9,9.0,6,7.0
1337,NS_YELLOW,1,1.5,0,0.0,9,9.0,6,7.0
1338,NS_YELLOW,1,1.5,0,0.0,9,9.0,6,7.0
1339,NS_YELLOW,2,4.5,0,0.0,9,9.0,6,7.0
1340,EW_GREEN,3,6.5,0,0.0,9,9.0,5,6.0
1341,EW_GREEN,3,6.5,0,0.0,8,8.0,4,4.5
1342,EW_GREEN,3,6.5,0,0.0,7,7.0,3,3.0
1343,EW_GREEN,4,7.5,0,0.0,6,6.0,2,2.0
1344,EW_GREEN,4,7.5,1,1.5,5,5.0,1,1.0
1345,EW_GREEN,4,7.5,2,2.5,4,4.0,0,0.0
1346,EW_GREEN,4,7.5,2,2.5,3,3.0,0,0.0
1347,EW_GREEN,4,7.5,2,2.5,2,2.0,0,0.0
1348,EW_GREEN,4,7.5,2,2.5,3,3.0,0,0.0
1349,EW_GREEN,4,7.5,2,2.5,2,2.0,0,0.0
1350,EW_GREEN,4,7.5,3,3.5,1,1.0,1,1.0
1351,EW_GREEN,4,7.5,4,4.5,0,0.0,0,0.0
1352,EW_GREEN,4,7.5,6,6.5,0,0.0,0,0.0
1353,EW_GREEN,4,7.5,8,8.5,0,0.0,0,0.0
1354,EW_GREEN,4,7.5,10,10.5,0,0.0,0,0.0
1355,EW_GREEN,4,7.5,10,10.5,0,0.0,0,0.0
1356,EW_GREEN,4,7.5,11,11.5,0,0.0,0,0.0
1357,EW_GREEN,4,7.5,11,11.5,0,0.0,0,0.0
1358,EW_GREEN,4,7.5,11,11.5,0,0.0,0,0.0
1359,EW_GREEN,4,7.5,12,12.5,0,0.0,0,0.0
1360,EW_YELLOW,4,7.5,12,12.5,0,0.0,0,0.0
1361,EW_YELLOW,4,7.5,12,12.5,0,0.0,0,0.0
1362,EW_YELLOW,4,7.5,12,12.5,0,0.0,0,0.0
1363,EW_YELLOW,4,7.5,13,13.5,0,0.0,1,1.0
1364,NS_GREEN,4,7.0,13,13.0,0,0.0,1,1.0
1365,NS_GREEN,4,5.0,12,12.0,0,0.0,1,1.0
1366,NS_GREEN,4,4.0,11,11.0,0,0.0,1,1.0
1367,NS_GREEN,3,3.0,10,10.0,0,0.0,1,1.0
1368,NS_GREEN,3,3.0,9,9.0,0,0.0,1,1.0
1369,NS_GREEN,2,2.0,8,8.0,0,0.0,1,1.0
1370,NS_GREEN,1,1.0,8,8.0,0,0.0,2,2.0
1371,NS_GREEN,0,0.0,7,7.0,0,0.0,2,2.0
1372,NS_GREEN,0,0.0,6,6.0,0,0.0,2,2.0
1373,NS_GREEN,0,0.0,5,5.0,0,0.0,2,2.0
1374,NS_GREEN,0,0.0,4,4.0,0,0.0,4,4.0
1375,NS_GREEN,0,0.0,3,3.0,0,0.0,4,4.0
1376,NS_GREEN,0,0.0,2,2.0,0,0.0,4,4.0
1377,NS_GREEN,0,0.0,1,1.0,0,0.0,5,5.0
1378,NS_GREEN,0,0.0,0,0.0,0,0.0,5,5.0
1379,NS_GREEN,0,0.0,0,0.0,0,0.0,5,5.0
1380,NS_GREEN,0,0.0,0,0.0,0,0.0,5,5.0
1381,NS_GREEN,0,0.0,0,0.0,0,0.0,5,5.0
1382,NS_GREEN,0,0.0,0,0.0,0,0.0,5,5.0
1383,NS_GREEN,0,0.0,0,0.0,0,0.0,5,5.0
1384,NS_GREEN,0,0.0,0,0.0,1,1.0,5,5.0
1385,NS_YELLOW,0,0.0,0,0.0,1,1.0,5,5.0
1386,NS_YELLOW,0,0.0,0,0.0,1,1.0,5,5.0
1387,NS_YELLOW,0,0.0,0,0.0,1,1.0,5,5.0
1388,NS_YELLOW,0,0.0,0,0.0,1,1.0,5,5.0
1389,EW_GREEN,0,0.0,0,0.0,0,0.0,5,5.0
1390,EW_GREEN,2,4.5,1,1.0,0,0.0,4,4.0
1391,EW_GREEN,4,7.5,1,1.0,0,0.0,3,3.0
1392,EW_GREEN,4,7.5,1,1.0,0,0.0,2,2.0
1393,EW_GREEN,5,8.5,1,1.0,0,0.0,2,2.0
1394,EW_GREEN,6,10.5,1,1.0,0,0.0,1,1.0
1395,EW_GREEN,7,11.5,2,2.5,0,0.0,0,0.0
1396,EW_GREEN,7,11.5,2,2.5,0,0.0,0,0.0
1397,EW_GREEN,8,12.5,2,2.5,0,0.0,0,0.0
1398,EW_GREEN,8,12.5,2,2.5,0,0.0,0,0.0
1399,EW_GREEN,8,12.5,2,2.5,0,0.0,0,0.0
1400,EW_GREEN,8,12.5,2,2.5,0,0.0,0,0.0
1401,EW_GREEN,8,12.5,2,2.5,0,0.0,0,0.0
1402,EW_GREEN,8,12.5,2,2.5,0,0.0,0,0.0
1403,EW_GREEN,8,12.5,2,2.5,0,0.0,0,0.0
1404,EW_GREEN,8,12.5,4,4.5,0,0.0,0,0.0
1405,EW_GREEN,8,12.5,4,4.5,0,0.0,0,0.0
1406,EW_GREEN,8,12.5,4,4.5,0,0.0,0,0.0
1407,EW_GREEN,8,12.5,4,4.5,0,0.0,0,0.0
1408,EW_GREEN,9,13.5,4,4.5,0,0.0,0,0.0
1409,EW_YELLOW,9,13.5,4,4.5,0,0.0,0,0.0
1410,EW_YELLOW,10,14.5,4,4.5,0,0.0,0,0.0
1411,EW_YELLOW,12,17.5,5,5.5,0,0.0,0,0.0
1412,EW_YELLOW,12,17.5,5,5.5,0,0.0,0,0.0
1413,NS_GREEN,12,17.5,5,6.0,0,0.0,1,1.0
1414,NS_GREEN,12,15.5,4,4.5,0,0.0,1,1.0
1415,NS_GREEN,11,13.5,3,3.5,0,0.0,1,1.0
1416,NS_GREEN,10,12.5,3,4.5,0,0.0,1,1.0
1417,NS_GREEN,10,12.5,2,3.5,0,0.0,1,1.0
1418,NS_GREEN,9,10.5,1,2.0,0,0.0,1,1.0
1419,NS_GREEN,9,11.5,0,0.0,0,0.0,1,1.0
1420,NS_GREEN,8,10.5,0,0.0,0,0.0,1,1.0
1421,NS_GREEN,7,9.5,0,0.0,1,1.0,1,1.0
1422,NS_GREEN,6,8.5,0,0.0,1,1.0,1,1.0
1423,NS_GREEN,5,6.5,0,0.0,1,1.0,1,1.0
1424,NS_GREEN,4,5.5,0,0.0,1,1.0,1,1.0
1425,NS_GREEN,3,4.0,0,0.0,1,1.0,1,1.0
1426,NS_GREEN,2,3.0,0,0.0,2,2.5,1,1.0
1427,NS_GREEN,1,2.0,0,0.0,2,2.5,2,3.0
1428,NS_GREEN,0,0.0,0,0.0,2,2.5,2,3.0
1429,NS_GREEN,0,0.0,0,0.0,2,2.5,2,3.0
1430,NS_GREEN,0,0.0,0,0.0,2,2.5,2,3.0
1431,NS_GREEN,0,0.0,0,0.0,2,2.5,2,3.0
1432,NS_GREEN,0,0.0,0,0.0,3,3.5,2,3.0
1433,NS_GREEN,0,0.0,0,0.0,3,3.5,2,3.0
1434,NS_GREEN,0,0.0,0,0.0,3,3.5,2,3.0
1435,NS_GREEN,0,0.0,0,0.0,4,4.5,2,3.0
1436,NS_YELLOW,0,0.0,0,0.0,4,4.5,2,3.0
1437,NS_YELLOW,0,0.0,1,1.0,4,4.5,2,3.0
1438,NS_YELLOW,1,1.0,2,2.5,4,4.5,2,3.0
1439,NS_YELLOW,1,1.0,2,2.5,4,4.5,2,3.0
1440,EW_GREEN,1,1.0,2,2.5,3,3.5,1,2.0
1441,EW_GREEN,1,1.0,2,2.5,3,3.0,0,0.0
1442,EW_GREEN,1,1.0,2,2.5,2,2.0,0,0.0
1443,EW_GREEN,3,3.0,2,2.5,1,1.0,0,0.0
1444,EW_GREEN,3,3.0,2,2.5,0,0.0,0,0.0
1445,EW_GREEN,3,3.0,3,4.5,0,0.0,0,0.0
1446,EW_GREEN,3,3.0,3,4.5,0,0.0,0,0.0
1447,EW_GREEN,4,5.0,3,4.5,0,0.0,0,0.0
1448,EW_GREEN,6,7.5,3,4.5,0,0.0,0,0.0
1449,EW_GREEN,6,7.5,5,6.5,0,0.0,0,0.0
1450,EW_GREEN,6,7.5,5,6.5,0,0.0,0,0.0
1451,EW_GREEN,7,8.5,6,7.5,0,0.0,0,0.0
1452,EW_GREEN,7,8.5,6,7.5,0,0.0,0,0.0
1453,EW_GREEN,7,8.5,7,9.0,0,0.0,0,0.0
1454,EW_GREEN,7,8.5,7,9.0,0,0.0,0,0.0
1455,EW_GREEN,8,9.5,7,9.0,0,0.0,0,0.0
1456,EW_GREEN,9,10.5,7,9.0,0,0.0,0,0.0
1457,EW_GREEN,10,11.5,7,9.0,0,0.0,0,0.0
1458,EW_GREEN,10,11.5,7,9.0,0,0.0,0,0.0
1459,EW_GREEN,10,11.5,7,9.0,0,0.0,0,0.0
1460,EW_GREEN,10,11.5,7,9.0,0,0.0,0,0.0
1461,EW_YELLOW,12,13.5,7,9.0,0,0.0,0,0.0
1462,EW_YELLOW,12,13.5,7,9.0,0,0.0,0,0.0
1463,EW_YELLOW,12,13.5,7,9.0,0,0.0,0,0.0
1464,EW_YELLOW,12,13.5,8,10.0,0,0.0,0,0.0
1465,NS_GREEN,11,12.5,7,9.0,0,0.0,0,0.0
1466,NS_GREEN,11,13.0,6,7.5,0,0.0,0,0.0
1467,NS_GREEN,11,13.5,5,5.5,0,0.0,0,0.0
1468,NS_GREEN,12,13.5,4,4.5,0,0.0,1,1.0
1469,NS_GREEN,11,12.5,4,5.0,1,1.0,1,1.0
1470,NS_GREEN,10,11.0,3,4.0,1,1.0,1,1.0
1471,NS_GREEN,10,12.0,2,2.5,1,1.0,1,1.0
1472,NS_GREEN,10,12.0,1,1.5,1,1.0,1,1.0
1473,NS_GREEN,9,11.0,1,1.0,1,1.0,1,1.0
1474,NS_GREEN,8,10.0,0,0.0,1,1.0,1,1.0
1475,NS_GREEN,7,9.0,0,0.0,1,1.0,1,1.0
1476,NS_GREEN,6,8.0,0,0.0,1,1.0,1,1.0
1477,NS_GREEN,5,6.5,0,0.0,1,1.0,1,1.0
1478,NS_GREEN,4,5.0,0,0.0,1,1.0,1,1.0
1479,NS_GREEN,3,4.0,0,0.0,1,1.0,2,2.0
1480,NS_GREEN,2,3.0,0,0.0,1,1.0,3,3.0
1481,NS_GREEN,1,1.0,0,0.0,1,1.0,3,3.0
1482,NS_GREEN,0,0.0,0,0.0,2,2.0,3,3.0
1483,NS_GREEN,0,0.0,0,0.0,2,2.0,3,3.0
1484,NS_GREEN,0,0.0,0,0.0,2,2.0,4,4.0
1485,NS_GREEN,0,0.0,0,0.0,2,2.0,4,4.0
1486,NS_GREEN,0,0.0,0,0.0,2,2.0,4,4.0
1487,NS_YELLOW,0,0.0,0,0.0,2,2.0,4,4.0
1488,NS_YELLOW,1,1.0,0,0.0,3,3.0,4,4.0
1489,NS_YELLOW,1,1.0,0,0.0,3,3.0,4,4.0
1490,NS_YELLOW,1,1.0,2,2.5,3,3.0,4,4.0
1491,EW_GREEN,1,1.0,2,2.5,2,2.0,3,3.0
1492,EW_GREEN,1,1.0,2,2.5,1,1.0,2,2.0
1493,EW_GREEN,1,1.0,2,2.5,0,0.0,1,1.0
1494,EW_GREEN,1,1.0,2,2.5,0,0.0,0,0.0
1495,EW_GREEN,2,2.0,2,2.5,0,0.0,0,0.0
1496,EW_GREEN,2,2.0,2,2.5,0,0.0,0,0.0
1497,EW_GREEN,3,3.0,2,2.5,0,0.0,0,0.0
1498,EW_GREEN,3,3.0,2,2.5,0,0.0,0,0.0
1499,EW_GREEN,3,3.0,2,2.5,0,0.0,1,2.0
1500,EW_GREEN,3,3.0,4,4.5,0,0.0,1,1.0
1501,EW_GREEN,4,4.0,4,4.5,0,0.0,0,0.0
1502,EW_GREEN,5,5.0,5,6.5,0,0.0,0,0.0
1503,EW_GREEN,5,5.0,5,6.5,0,0.0,0,0.0
1504,EW_GREEN,5,5.0,5,6.5,0,0.0,0,0.0
1505,EW_GREEN,5,5.0,5,6.5,0,0.0,0,0.0
1506,EW_GREEN,5,5.0,5,6.5,0,0.0,0,0.0
1507,EW_GREEN,6,6.5,5,6.5,0,0.0,0,0.0
1508,EW_GREEN,7,7.5,5,6.5,0,0.0,0,0.0
1509,EW_GREEN,7,7.5,6,7.5,0,0.0,0,0.0
1510,EW_GREEN,7,7.5,7,8.5,0,0.0,0,0.0
1511,EW_YELLOW,7,7.5,7,8.5,0,0.0,0,0.0
1512,EW_YELLOW,7,7.5,7,8.5,0,0.0,0,0.0
1513,EW_YELLOW,7,7.5,7,8.5,0,0.0,0,0.0
1514,EW_YELLOW,8,9.0,7,8.5,0,0.0,0,0.0
1515,NS_GREEN,7,8.0,6,7.5,1,1.5,0,0.0
1516,NS_GREEN,7,8.0,5,6.0,2,3.5,0,0.0
1517,NS_GREEN,6,7.0,4,5.0,2,3.5,0,0.0
1518,NS_GREEN,6,7.5,3,4.0,2,3.5,0,0.0
1519,NS_GREEN,5,6.5,2,2.0,3,4.5,0,0.0
1520,NS_GREEN,4,5.0,1,1.0,3,4.5,0,0.0
1521,NS_GREEN,3,4.0,0,0.0,3,4.5,0,0.0
1522,NS_GREEN,2,2.5,0,0.0,3,4.5,0,0.0
1523,NS_GREEN,1,1.5,0,0.0,3,4.5,0,0.0
1524,NS_GREEN,0,0.0,0,0.0,3,4.5,0,0.0
1525,NS_GREEN,0,0.0,0,0.0,3,4.5,0,0.0
1526,NS_GREEN,0,0.0,0,0.0,3,4.5,0,0.0
1527,NS_GREEN,0,0.0,0,0.0,3,4.5,0,0.0
1528,NS_GREEN,0,0.0,0,0.0,3,4.5,0,0.0
1529,NS_GREEN,0,0.0,0,0.0,4,5.5,0,0.0
1530,NS_GREEN,0,0.0,0,0.0,5,6.5,0,0.0
1531,NS_GREEN,0,0.0,0,0.0,5,6.5,0,0.0
1532,NS_GREEN,0,0.0,0,0.0,6,8.5,0,0.0
1533,NS_GREEN,0,0.0,0,0.0,6,8.5,0,0.0
1534,NS_GREEN,0,0.0,0,0.0,7,9.5,0,0.0
1535,NS_YELLOW,0,0.0,0,0.0,7,9.5,0,0.0
1536,NS_YELLOW,0,0.0,0,0.0,7,9.5,0,0.0
1537,NS_YELLOW,0,0.0,0,0.0,9,12.0,0,0.0
1538,NS_YELLOW,1,3.0,0,0.0,9,12.0,0,0.0
1539,EW_GREEN,1,3.0,0,0.0,8,10.5,0,0.0
1540,EW_GREEN,1,3.0,0,0.0,7,8.5,0,0.0
1541,EW_GREEN,1,3.0,0,0.0,6,7.5,0,0.0
1542,EW_GREEN,1,3.0,0,0.0,5,6.5,0,0.0
1543,EW_GREEN,1,3.0,0,0.0,5,6.5,0,0.0
1544,EW_GREEN,1,3.0,1,1.0,4,4.5,0,0.0
1545,EW_GREEN,1,3.0,1,1.0,3,3.5,0,0.0
1546,EW_GREEN,1,3.0,1,1.0,2,2.5,0,0.0
1547,EW_GREEN,2,4.5,1,1.0,1,1.0,0,0.0
1548,EW_GREEN,2,4.5,1,1.0,0,0.0,0,0.0
1549,EW_GREEN,2,4.5,2,2.0,0,0.0,0,0.0
1550,EW_GREEN,2,4.5,3,3.0,0,0.0,0,0.0
1551,EW_GREEN,2,4.5,3,3.0,0,0.0,0,0.0
1552,EW_GREEN,2,4.5,3,3.0,0,0.0,0,0.0
1553,EW_GREEN,2,4.5,3,3.0,0,0.0,0,0.0
1554,EW_GREEN,2,4.5,3,3.0,0,0.0,0,0.0
1555,EW_GREEN,2,4.5,3,3.0,0,0.0,1,2.0
1556,EW_GREEN,3,6.0,3,3.0,0,0.0,0,0.0
1557,EW_GREEN,3,6.0,4,4.5,0,0.0,0,0.0
1558,EW_GREEN,3,6.0,4,4.5,0,0.0,0,0.0
1559,EW_YELLOW,3,6.0,5,5.5,0,0.0,0,0.0
1560,EW_YELLOW,3,6.0,6,7.0,0,0.0,0,0.0
1561,EW_YELLOW,3,6.0,6,7.0,1,1.0,0,0.0
1562,EW_YELLOW,4,7.0,6,7.0,1,1.0,0,0.0
1563,NS_GREEN,3,4.0,5,6.0,1,1.0,0,0.0
1564,NS_GREEN,2,2.5,4,5.0,2,2.0,0,0.0
1565,NS_GREEN,2,2.0,3,4.0,2,2.0,0,0.0
1566,NS_GREEN,1,1.0,2,2.5,2,2.0,1,1.0
1567,NS_GREEN,0,0.0,1,1.5,3,3.5,1,1.0
1568,NS_GREEN,0,0.0,0,0.0,3,3.5,1,1.0
1569,NS_GREEN,0,0.0,0,0.0,3,3.5,1,1.0
1570,NS_GREEN,0,0.0,0,0.0,3,3.5,1,1.0
1571,NS_GREEN,0,0.0,1,1.0,3,3.5,1,1.0
1572,NS_GREEN,0,0.0,0,0.0,3,3.5,1,1.0
1573,NS_GREEN,0,0.0,0,0.0,3,3.5,1,1.0
1574,NS_GREEN,0,0.0,0,0.0,3,3.5,1,1.0
1575,NS_GREEN,0,0.0,0,0.0,3,3.5,1,1.0
1576,NS_GREEN,0,0.0,0,0.0,3,3.5,2,2.0
1577,NS_GREEN,0,0.0,0,0.0,3,3.5,2,2.0
1578,NS_GREEN,0,0.0,0,0.0,3,3.5,3,3.0
1579,NS_GREEN,0,0.0,0,0.0,4,4.5,3,3.0
1580,NS_GREEN,0,0.0,0,0.0,4,4.5,3,3.0
1581,NS_GREEN,0,0.0,0,0.0,4,4.5,3,3.0
1582,NS_GREEN,0,0.0,0,0.0,4,4.5,3,3.0
1583,NS_GREEN,0,0.0,0,0.0,4,4.5,3,3.0
1584,NS_GREEN,0,0.0,0,0.0,4,4.5,3,3.0
1585,NS_GREEN,0,0.0,0,0.0,4,4.5,3,3.0
1586,NS_GREEN,0,0.0,0,0.0,4,4.5,4,4.0
1587,NS_GREEN,0,0.0,0,0.0,4,4.5,4,4.0
1588,NS_GREEN,0,0.0,0,0.0,4,4.5,4,4.0
1589,NS_YELLOW,0,0.0,0,0.0,4,4.5,4,4.0
1590,NS_YELLOW,0,0.0,0,0.0,4,4.5,4,4.0
1591,NS_YELLOW,0,0.0,0,0.0,4,4.5,4,4.0
1592,NS_YELLOW,0,0.0,0,0.0,4,4.5,4,4.0
1593,EW_GREEN,0,0.0,0,0.0,3,3.5,3,3.0
1594,EW_GREEN,0,0.0,0,0.0,2,2.5,3,5.0
1595,EW_GREEN,0,0.0,0,0.0,1,1.0,2,4.0
1596,EW_GREEN,0,0.0,0,0.0,1,2.0,1,3.0
1597,EW_GREEN,0,0.0,0,0.0,0,0.0,0,0.0
1598,EW_GREEN,0,0.0,2,3.5,0,0.0,0,0.0
1599,EW_GREEN,0,0.0,3,4.5,0,0.0,0,0.0
1600,EW_GREEN,0,0.0,3,4.5,0,0.0,0,0.0
1601,EW_GREEN,0,0.0,3,4.5,0,0.0,0,0.0
1602,EW_GREEN,0,0.0,3,4.5,0,0.0,0,0.0
1603,EW_GREEN,0,0.0,3,4.5,0,0.0,0,0.0
1604,EW_GREEN,0,0.0,3,4.5,0,0.0,0,0.0
1605,EW_GREEN,0,0.0,3,4.5,0,0.0,0,0.0
1606,EW_GREEN,0,0.0,3,4.5,0,0.0,0,0.0
1607,EW_GREEN,0,0.0,3,4.5,0,0.0,0,0.0
1608,EW_GREEN,0,0.0,3,4.5,0,0.0,0,0.0
1609,EW_GREEN,0,0.0,3,4.5,0,0.0,0,0.0
1610,EW_GREEN,0,0.0,4,6.5,0,0.0,0,0.0
1611,EW_GREEN,0,0.0,4,6.5,0,0.0,0,0.0
1612,EW_GREEN,0,0.0,4,6.5,0,0.0,0,0.0
1613,EW_GREEN,0,0.0,4,6.5,0,0.0,0,0.0
1614,EW_GREEN,0,0.0,4,6.5,0,0.0,0,0.0
1615,EW_GREEN,0,0.0,4,6.5,0,0.0,0,0.0
1616,EW_GREEN,0,0.0,4,6.5,0,0.0,0,0.0
1617,EW_GREEN,0,0.0,4,6.5,0,0.0,0,0.0
1618,EW_GREEN,1,1.5,4,6.5,0,0.0,0,0.0
1619,EW_GREEN,1,1.5,5,8.0,0,0.0,0,0.0
1620,EW_YELLOW,1,1.5,5,8.0,0,0.0,0,0.0
1621,EW_YELLOW,1,1.5,5,8.0,0,0.0,0,0.0
1622,EW_YELLOW,1,1.5,5,8.0,0,0.0,0,0.0
1623,EW_YELLOW,1,1.5,6,9.0,0,0.0,0,0.0
1624,NS_GREEN,0,0.0,5,7.5,0,0.0,0,0.0
1625,NS_GREEN,0,0.0,4,5.5,0,0.0,0,0.0
1626,NS_GREEN,0,0.0,4,5.5,0,0.0,0,0.0
1627,NS_GREEN,0,0.0,3,3.5,0,0.0,0,0.0
1628,NS_GREEN,0,0.0,2,2.0,1,1.0,0,0.0
1629,NS_GREEN,0,0.0,1,1.0,1,1.0,0,0.0
1630,NS_GREEN,0,0.0,0,0.0,1,1.0,0,0.0
1631,NS_GREEN,0,0.0,0,0.0,2,2.0,0,0.0
1632,NS_GREEN,0,0.0,0,0.0,2,2.0,0,0.0
1633,NS_GREEN,0,0.0,0,0.0,2,2.0,0,0.0
1634,NS_GREEN,0,0.0,0,0.0,2,2.0,0,0.0
1635,NS_GREEN,0,0.0,0,0.0,3,3.0,0,0.0
1636,NS_GREEN,0,0.0,0,0.0,3,3.0,1,1.0
1637,NS_GREEN,0,0.0,0,0.0,3,3.0,1,1.0
1638,NS_GREEN,0,0.0,0,0.0,3,3.0,1,1.0
1639,NS_GREEN,0,0.0,0,0.0,3,3.0,1,1.0
1640,NS_GREEN,0,0.0,0,0.0,3,3.0,1,1.0
1641,NS_GREEN,0,0.0,0,0.0,3,3.0,1,1.0
1642,NS_GREEN,0,0.0,0,0.0,3,3.0,2,2.0
1643,NS_GREEN,1,1.0,0,0.0,3,3.0,2,2.0
1644,NS_GREEN,0,0.0,0,0.0,3,3.0,3,3.0
1645,NS_YELLOW,0,0.0,0,0.0,3,3.0,3,3.0
1646,NS_YELLOW,0,0.0,0,0.0,4,4.0,4,4.0
1647,NS_YELLOW,0,0.0,0,0.0,4,4.0,4,4.0
1648,NS_YELLOW,0,0.0,1,1.0,4,4.0,4,4.0
1649,EW_GREEN,0,0.0,1,1.0,3,3.0,3,3.0
1650,EW_GREEN,0,0.0,1,1.0,2,2.0,3,3.0
1651,EW_GREEN,0,0.0,1,1.0,1,1.0,2,2.0
1652,EW_GREEN,0,0.0,1,1.0,1,2.0,2,2.5
1653,EW_GREEN,0,0.0,2,2.0,0,0.0,1,1.5
1654,EW_GREEN,0,0.0,3,3.0,0,0.0,1,1.5
1655,EW_GREEN,0,0.0,3,3.0,0,0.0,0,0.0
1656,EW_GREEN,0,0.0,4,4.0,0,0.0,0,0.0
1657,EW_GREEN,0,0.0,4,4.0,0,0.0,0,0.0
1658,EW_GREEN,0,0.0,4,4.0,0,0.0,0,0.0
1659,EW_GREEN,1,1.0,4,4.0,0,0.0,0,0.0
1660,EW_GREEN,1,1.0,4,4.0,0,0.0,0,0.0
1661,EW_GREEN,1,1.0,5,5.0,0,0.0,0,0.0
1662,EW_GREEN,1,1.0,5,5.0,0,0.0,0,0.0
1663,EW_GREEN,1,1.0,5,5.0,0,0.0,0,0.0
1664,EW_GREEN,1,1.0,5,5.0,0,0.0,0,0.0
1665,EW_GREEN,2,2.0,5,5.0,0,0.0,0,0.0
1666,EW_GREEN,2,2.0,5,5.0,0,0.0,0,0.0
1667,EW_GREEN,2,2.0,7,7.0,0,0.0,0,0.0
1668,EW_GREEN,2,2.0,7,7.0,0,0.0,0,0.0
1669,EW_YELLOW,2,2.0,7,7.0,0,0.0,0,0.0
1670,EW_YELLOW,2,2.0,7,7.0,0,0.0,0,0.0
1671,EW_YELLOW,2,2.0,7,7.0,0,0.0,0,0.0
1672,EW_YELLOW,2,2.0,7,7.0,0,0.0,0,0.0
1673,NS_GREEN,2,2.0,6,6.0,0,0.0,0,0.0
1674,NS_GREEN,1,1.0,5,5.0,0,0.0,0,0.0
1675,NS_GREEN,0,0.0,4,4.0,0,0.0,0,0.0
1676,NS_GREEN,1,1.0,3,3.0,0,0.0,0,0.0
1677,NS_GREEN,0,0.0,2,2.0,0,0.0,0,0.0
1678,NS_GREEN,0,0.0,1,1.0,0,0.0,1,1.0
1679,NS_GREEN,0,0.0,0,0.0,0,0.0,1,1.0
1680,NS_GREEN,0,0.0,0,0.0,0,0.0,1,1.0
1681,NS_GREEN,0,0.0,0,0.0,0,0.0,1,1.0
1682,NS_GREEN,0,0.0,0,0.0,0,0.0,1,1.0
1683,NS_GREEN,0,0.0,0,0.0,1,1.0,1,1.0
1684,NS_GREEN,0,0.0,0,0.0,2,2.0,1,1.0
1685,NS_GREEN,0,0.0,0,0.0,2,2.0,1,1.0
1686,NS_GREEN,0,0.0,0,0.0,2,2.0,1,1.0
1687,NS_GREEN,0,0.0,0,0.0,2,2.0,2,2.0
1688,NS_GREEN,0,0.0,0,0.0,2,2.0,2,2.0
1689,NS_GREEN,0,0.0,0,0.0,3,4.0,2,2.0
1690,NS_GREEN,0,0.0,0,0.0,3,4.0,2,2.0
1691,NS_GREEN,0,0.0,0,0.0,4,5.5,2,2.0
1692,NS_GREEN,0,0.0,0,0.0,4,5.5,2,2.0
1693,NS_GREEN,0,0.0,0,0.0,4,5.5,2,2.0
1694,NS_YELLOW,0,0.0,0,0.0,4,5.5,3,3.5
1695,NS_YELLOW,0,0.0,0,0.0,5,6.5,3,3.5
1696,NS_YELLOW,1,1.5,0,0.0,5,6.5,3,3.5
1697,NS_YELLOW,1,1.5,0,0.0,5,6.5,3,3.5
1698,EW_GREEN,2,2.5,0,0.0,4,5.5,2,2.5
1699,EW_GREEN,3,3.5,0,0.0,3,4.5,3,4.0
1700,EW_GREEN,4,5.5,0,0.0,2,2.5,2,2.5
1701,EW_GREEN,4,5.5,0,0.0,2,2.0,1,1.5
1702,EW_GREEN,4,5.5,1,1.0,1,1.0,0,0.0
1703,EW_GREEN,5,7.0,1,1.0,0,0.0,0,0.0
1704,EW_GREEN,5,7.0,1,1.0,0,0.0,0,0.0
1705,EW_GREEN,5,7.0,3,3.0,0,0.0,0,0.0
1706,EW_GREEN,5,7.0,3,3.0,0,0.0,0,0.0
1707,EW_GREEN,5,7.0,3,3.0,0,0.0,0,0.0
1708,EW_GREEN,5,7.0,3,3.0,0,0.0,0,0.0
1709,EW_GREEN,5,7.0,5,7.0,0,0.0,0,0.0
1710,EW_GREEN,5,7.0,5,7.0,0,0.0,0,0.0
1711,EW_GREEN,5,7.0,5,7.0,0,0.0,0,0.0
1712,EW_GREEN,5,7.0,5,7.0,0,0.0,0,0.0
1713,EW_GREEN,7,11.0,5,7.0,0,0.0,0,0.0
1714,EW_GREEN,7,11.0,5,7.0,0,0.0,0,0.0
1715,EW_GREEN,7,11.0,5,7.0,0,0.0,0,0.0
1716,EW_GREEN,7,11.0,5,7.0,0,0.0,0,0.0
1717,EW_GREEN,7,11.0,5,7.0,0,0.0,0,0.0
1718,EW_YELLOW,8,12.5,6,8.0,0,0.0,0,0.0
1719,EW_YELLOW,9,13.5,6,8.0,0,0.0,0,0.0
1720,EW_YELLOW,9,13.5,6,8.0,0,0.0,0,0.0
1721,EW_YELLOW,11,16.0,7,9.0,2,2.0,0,0.0
1722,NS_GREEN,10,14.5,6,8.0,2,2.0,0,0.0
1723,NS_GREEN,9,13.5,5,7.0,2,2.0,0,0.0
1724,NS_GREEN,8,12.5,4,6.0,2,2.0,0,0.0
1725,NS_GREEN,8,11.5,3,3.0,2,2.0,0,0.0
1726,NS_GREEN,7,10.0,2,2.0,2,2.0,0,0.0
1727,NS_GREEN,6,9.0,1,1.0,3,3.0,0,0.0
1728,NS_GREEN,6,9.0,0,0.0,3,3.0,0,0.0
1729,NS_GREEN,6,8.5,0,0.0,4,4.0,0,0.0
1730,NS_GREEN,5,7.5,0,0.0,4,4.0,0,0.0
1731,NS_GREEN,4,6.0,0,0.0,4,4.0,0,0.0
1732,NS_GREEN,3,5.0,0,0.0,4,4.0,1,1.0
1733,NS_GREEN,2,4.0,0,0.0,5,5.0,1,1.0
1734,NS_GREEN,1,1.0,1,1.0,5,5.0,1,1.0
1735,NS_GREEN,0,0.0,0,0.0,5,5.0,1,1.0
1736,NS_GREEN,0,0.0,0,0.0,5,5.0,1,1.0
1737,NS_GREEN,0,0.0,0,0.0,5,5.0,2,2.5
1738,NS_GREEN,0,0.0,0,0.0,5,5.0,2,2.5
1739,NS_GREEN,0,0.0,0,0.0,5,5.0,2,2.5
1740,NS_GREEN,0,0.0,0,0.0,5,5.0,2,2.5
1741,NS_GREEN,0,0.0,0,0.0,5,5.0,2,2.5
1742,NS_YELLOW,0,0.0,0,0.0,5,5.0,2,2.5
1743,NS_YELLOW,0,0.0,0,0.0,5,5.0,2,2.5
1744,NS_YELLOW,1,1.0,0,0.0,5,5.0,2,2.5
1745,NS_YELLOW,2,2.0,0,0.0,6,6.0,2,2.5
1746,EW_GREEN,2,2.0,0,0.0,5,5.0,2,2.5
1747,EW_GREEN,2,2.0,0,0.0,4,4.0,2,2.0
1748,EW_GREEN,2,2.0,0,0.0,3,3.0,1,1.0
1749,EW_GREEN,2,2.0,1,1.5,4,4.0,1,1.0
1750,EW_GREEN,2,2.0,1,1.5,4,4.0,0,0.0
1751,EW_GREEN,2,2.0,1,1.5,3,3.0,0,0.0
1752,EW_GREEN,3,3.0,2,2.5,2,2.0,0,0.0
1753,EW_GREEN,3,3.0,3,3.5,2,2.0,0,0.0
1754,EW_GREEN,3,3.0,3,3.5,1,1.0,0,0.0
1755,EW_GREEN,3,3.0,3,3.5,0,0.0,0,0.0
1756,EW_GREEN,3,3.0,3,3.5,0,0.0,0,0.0
1757,EW_GREEN,3,3.0,3,3.5,0,0.0,0,0.0
1758,EW_GREEN,3,3.0,3,3.5,0,0.0,0,0.0
1759,EW_GREEN,3,3.0,3,3.5,0,0.0,0,0.0
1760,EW_GREEN,3,3.0,3,3.5,0,0.0,0,0.0
1761,EW_GREEN,3,3.0,3,3.5,0,0.0,0,0.0
1762,EW_GREEN,3,3.0,3,3.5,0,0.0,0,0.0
1763,EW_GREEN,3,3.0,3,3.5,0,0.0,0,0.0
1764,EW_GREEN,3,3.0,3,3.5,0,0.0,0,0.0
1765,EW_GREEN,3,3.0,3,3.5,0,0.0,0,0.0
1766,EW_GREEN,4,4.0,3,3.5,0,0.0,0,0.0
1767,EW_YELLOW,4,4.0,3,3.5,0,0.0,0,0.0
1768,EW_YELLOW,4,4.0,3,3.5,0,0.0,0,0.0
1769,EW_YELLOW,5,5.0,3,3.5,2,3.0,0,0.0
1770,EW_YELLOW,5,5.0,3,3.5,2,3.0,0,0.0
1771,NS_GREEN,4,4.0,2,2.0,2,3.0,1,1.0
1772,NS_GREEN,3,3.0,1,1.0,2,3.0,1,1.0
1773,NS_GREEN,2,2.0,0,0.0,2,3.0,1,1.0
1774,NS_GREEN,2,2.0,0,0.0,2,3.0,1,1.0
1775,NS_GREEN,1,1.0,0,0.0,2,3.0,1,1.0
1776,NS_GREEN,0,0.0,0,0.0,2,3.0,1,1.0
1777,NS_GREEN,0,0.0,0,0.0,2,3.0,1,1.0
1778,NS_GREEN,0,0.0,0,0.0,2,3.0,2,2.5
1779,NS_GREEN,1,1.5,1,1.5,2,3.0,2,2.5
1780,NS_GREEN,1,1.0,0,0.0,2,3.0,2,2.5
1781,NS_GREEN,0,0.0,0,0.0,3,4.0,2,2.5
1782,NS_GREEN,0,0.0,3,5.5,3,4.0,2,2.5
1783,NS_GREEN,0,0.0,2,4.5,3,4.0,3,4.0
1784,NS_GREEN,0,0.0,1,3.0,4,5.0,3,4.0
1785,NS_GREEN,0,0.0,0,0.0,4,5.0,4,5.5
1786,NS_GREEN,0,0.0,0,0.0,4,5.0,4,5.5
1787,NS_GREEN,0,0.0,0,0.0,5,6.0,4,5.5
1788,NS_GREEN,0,0.0,0,0.0,5,6.0,4,5.5
1789,NS_GREEN,0,0.0,0,0.0,6,7.0,4,5.5
1790,NS_GREEN,0,0.0,0,0.0,6,7.0,4,5.5
1791,NS_GREEN,0,0.0,0,0.0,6,7.0,4,5.5
1792,NS_YELLOW,0,0.0,0,0.0,6,7.0,4,5.5
1793,NS_YELLOW,0,0.0,0,0.0,6,7.0,4,5.5
1794,NS_YELLOW,0,0.0,0,0.0,7,9.0,4,5.5
1795,NS_YELLOW,1,1.0,1,1.0,7,9.0,4,5.5
1796,EW_GREEN,2,2.0,1,1.0,7,8.0,3,4.5
1797,EW_GREEN,2,2.0,2,2.0,6,7.0,2,3.0
1798,EW_GREEN,3,3.0,2,2.0,6,7.0,1,1.5
1799,EW_GREEN,3,3.0,2,2.0,6,7.5,0,0.0
1800,EW_GREEN,3,3.0,2,2.0,5,6.5,0,0.0
1801,EW_GREEN,3,3.0,2,2.0,5,6.5,0,0.0
1802,EW_GREEN,3,3.0,2,2.0,4,4.5,0,0.0
1803,EW_GREEN,3,3.0,3,3.0,3,3.5,0,0.0
1804,EW_GREEN,4,6.0,3,3.0,2,2.5,0,0.0
1805,EW_GREEN,5,8.0,4,4.0,1,1.0,0,0.0
1806,EW_GREEN,5,8.0,4,4.0,1,1.5,0,0.0
1807,EW_GREEN,5,8.0,4,4.0,0,0.0,0,0.0
1808,EW_GREEN,5,8.0,4,4.0,0,0.0,0,0.0
1809,EW_GREEN,6,10.0,4,4.0,0,0.0,0,0.0
1810,EW_GREEN,6,10.0,4,4.0,0,0.0,0,0.0
1811,EW_GREEN,7,11.0,4,4.0,0,0.0,0,0.0
1812,EW_GREEN,7,11.0,4,4.0,0,0.0,0,0.0
1813,EW_GREEN,7,11.0,4,4.0,0,0.0,0,0.0
1814,EW_GREEN,7,11.0,5,5.0,0,0.0,0,0.0
1815,EW_GREEN,7,11.0,5,5.0,0,0.0,1,1.0
1816,EW_GREEN,7,11.0,5,5.0,0,0.0,2,3.0
1817,EW_GREEN,7,11.0,5,5.0,0,0.0,2,3.5
1818,EW_GREEN,7,11.0,5,5.0,0,0.0,1,1.5
1819,EW_GREEN,7,11.0,5,5.0,0,0.0,0,0.0
1820,EW_YELLOW,7,11.0,5,5.0,0,0.0,0,0.0
1821,EW_YELLOW,7,11.0,5,5.0,0,0.0,0,0.0
1822,EW_YELLOW,8,12.0,6,6.0,0,0.0,0,0.0
1823,EW_YELLOW,9,13.5,7,7.0,1,1.0,0,0.0
1824,NS_GREEN,9,13.5,7,9.0,1,1.0,0,0.0
1825,NS_GREEN,9,13.5,7,9.5,1,1.0,0,0.0
1826,NS_GREEN,8,12.5,6,8.5,2,2.0,0,0.0
1827,NS_GREEN,7,9.5,6,8.5,2,2.0,0,0.0
1828,NS_GREEN,6,7.5,6,8.5,2,2.0,0,0.0
1829,NS_GREEN,5,5.5,5,7.5,2,2.0,0,0.0
1830,NS_GREEN,4,4.5,4,6.5,2,2.0,0,0.0
1831,NS_GREEN,3,3.5,4,4.5,2,2.0,1,1.0
1832,NS_GREEN,2,2.0,3,3.0,2,2.0,1,1.0
1833,NS_GREEN,1,1.0,3,3.5,3,3.0,1,1.0
1834,NS_GREEN,0,0.0,3,4.0,3,3.0,1,1.0
1835,NS_GREEN,0,0.0,2,3.0,3,3.0,2,2.0
1836,NS_GREEN,0,0.0,1,1.5,4,4.0,3,3.0
1837,NS_GREEN,0,0.0,1,1.0,5,5.5,3,3.0
1838,NS_GREEN,0,0.0,0,0.0,5,5.5,3,3.0
1839,NS_GREEN,0,0.0,0,0.0,5,5.5,3,3.0
1840,NS_GREEN,0,0.0,0,0.0,5,5.5,3,3.0
1841,NS_GREEN,0,0.0,0,0.0,5,5.5,3,3.0
1842,NS_GREEN,0,0.0,0,0.0,5,5.5,3,3.0
1843,NS_GREEN,0,0.0,0,0.0,5,5.5,3,3.0
1844,NS_GREEN,0,0.0,0,0.0,5,5.5,3,3.0
1845,NS_GREEN,0,0.0,0,0.0,5,5.5,3,3.0
1846,NS_GREEN,0,0.0,0,0.0,5,5.5,3,3.0
1847,NS_GREEN,0,0.0,0,0.0,6,7.5,3,3.0
1848,NS_GREEN,0,0.0,0,0.0,6,7.5,3,3.0
1849,NS_GREEN,0,0.0,0,0.0,6,7.5,3,3.0
1850,NS_YELLOW,0,0.0,0,0.0,7,8.5,3,3.0
1851,NS_YELLOW,1,2.0,1,1.0,7,8.5,3,3.0
1852,NS_YELLOW,1,2.0,1,1.0,7,8.5,3,3.0
1853,NS_YELLOW,1,2.0,1,1.0,7,8.5,3,3.0
1854,EW_GREEN,1,2.0,1,1.0,6,7.5,2,2.0
1855,EW_GREEN,1,2.0,1,1.0,5,6.5,1,1.0
1856,EW_GREEN,1,2.0,1,1.0,4,5.5,0,0.0
1857,EW_GREEN,1,2.0,2,2.0,3,4.5,0,0.0
1858,EW_GREEN,1,2.0,2,2.0,3,6.0,0,0.0
1859,EW_GREEN,1,2.0,2,2.0,2,4.0,0,0.0
1860,EW_GREEN,2,3.0,2,2.0,1,3.0,0,0.0
1861,EW_GREEN,2,3.0,2,2.0,0,0.0,0,0.0
1862,EW_GREEN,3,5.0,2,2.0,0,0.0,0,0.0
1863,EW_GREEN,4,6.0,2,2.0,0,0.0,0,0.0
1864,EW_GREEN,5,7.0,3,3.0,0,0.0,0,0.0
1865,EW_GREEN,5,7.0,3,3.0,0,0.0,0,0.0
1866,EW_GREEN,5,7.0,3,3.0,0,0.0,0,0.0
1867,EW_GREEN,5,7.0,3,3.0,0,0.0,0,0.0
1868,EW_GREEN,6,10.0,3,3.0,0,0.0,0,0.0
1869,EW_GREEN,6,10.0,3,3.0,0,0.0,0,0.0
1870,EW_GREEN,6,10.0,3,3.0,0,0.0,0,0.0
1871,EW_GREEN,6,10.0,3,3.0,0,0.0,0,0.0
1872,EW_GREEN,6,10.0,3,3.0,0,0.0,0,0.0
1873,EW_GREEN,7,11.5,5,6.0,0,0.0,0,0.0
1874,EW_YELLOW,7,11.5,5,6.0,0,0.0,0,0.0
1875,EW_YELLOW,7,11.5,5,6.0,0,0.0,0,0.0
1876,EW_YELLOW,7,11.5,5,6.0,0,0.0,0,0.0
1877,EW_YELLOW,7,11.5,5,6.0,0,0.0,0,0.0
1878,NS_GREEN,6,9.5,5,6.0,0,0.0,0,0.0
1879,NS_GREEN,5,8.5,4,5.0,0,0.0,0,0.0
1880,NS_GREEN,5,9.5,3,4.0,0,0.0,0,0.0
1881,NS_GREEN,4,8.5,2,3.0,0,0.0,0,0.0
1882,NS_GREEN,3,7.5,1,1.0,0,0.0,0,0.0
1883,NS_GREEN,2,4.5,0,0.0,0,0.0,0,0.0
1884,NS_GREEN,1,3.0,0,0.0,0,0.0,0,0.0
1885,NS_GREEN,0,0.0,0,0.0,0,0.0,0,0.0
1886,NS_GREEN,0,0.0,0,0.0,0,0.0,0,0.0
1887,NS_GREEN,0,0.0,0,0.0,0,0.0,0,0.0
1888,NS_GREEN,0,0.0,0,0.0,0,0.0,1,1.0
1889,NS_GREEN,1,2.0,0,0.0,0,0.0,2,4.0
1890,NS_GREEN,0,0.0,0,0.0,0,0.0,2,4.0
1891,NS_GREEN,0,0.0,0,0.0,0,0.0,2,4.0
1892,NS_GREEN,0,0.0,0,0.0,0,0.0,2,4.0
1893,NS_GREEN,0,0.0,0,0.0,0,0.0,2,4.0
1894,NS_GREEN,0,0.0,0,0.0,0,0.0,2,4.0
1895,NS_GREEN,0,0.0,0,0.0,0,0.0,2,4.0
1896,NS_GREEN,0,0.0,0,0.0,0,0.0,2,4.0
1897,NS_GREEN,0,0.0,0,0.0,0,0.0,2,4.0
1898,NS_GREEN,0,0.0,0,0.0,0,0.0,2,4.0
1899,NS_GREEN,0,0.0,0,0.0,0,0.0,3,5.5
1900,NS_GREEN,0,0.0,0,0.0,0,0.0,3,5.5
1901,NS_GREEN,0,0.0,0,0.0,0,0.0,3,5.5
1902,NS_GREEN,0,0.0,0,0.0,0,0.0,3,5.5
1903,NS_GREEN,0,0.0,0,0.0,0,0.0,3,5.5
1904,NS_GREEN,0,0.0,0,0.0,0,0.0,4,6.5
1905,NS_GREEN,0,0.0,0,0.0,0,0.0,5,8.5
1906,NS_GREEN,0,0.0,0,0.0,0,0.0,5,8.5
1907,NS_GREEN,0,0.0,0,0.0,0,0.0,5,8.5
1908,NS_GREEN,0,0.0,0,0.0,1,2.0,5,8.5
1909,NS_YELLOW,0,0.0,0,0.0,1,2.0,5,8.5
1910,NS_YELLOW,0,0.0,1,1.0,1,2.0,5,8.5
1911,NS_YELLOW,0,0.0,1,1.0,1,2.0,5,8.5
1912,NS_YELLOW,1,1.0,1,1.0,1,2.0,5,8.5
1913,EW_GREEN,1,1.0,1,1.0,0,0.0,4,7.5
1914,EW_GREEN,2,2.5,3,3.0,0,0.0,3,4.5
1915,EW_GREEN,2,2.5,3,3.0,0,0.0,2,3.0
1916,EW_GREEN,2,2.5,4,4.0,0,0.0,2,3.0
1917,EW_GREEN,2,2.5,5,5.0,0,0.0,1,1.0
1918,EW_GREEN,3,3.5,5,5.0,0,0.0,0,0.0
1919,EW_GREEN,3,3.5,5,5.0,0,0.0,0,0.0
1920,EW_GREEN,3,3.5,5,5.0,0,0.0,0,0.0
1921,EW_GREEN,4,4.5,5,5.0,0,0.0,0,0.0
1922,EW_GREEN,4,4.5,5,5.0,0,0.0,0,0.0
1923,EW_GREEN,4,4.5,5,5.0,0,0.0,0,0.0
1924,EW_GREEN,4,4.5,5,5.0,0,0.0,0,0.0
1925,EW_GREEN,4,4.5,5,5.0,0,0.0,0,0.0
1926,EW_GREEN,4,4.5,5,5.0,0,0.0,0,0.0
1927,EW_GREEN,4,4.5,6,6.0,0,0.0,0,0.0
1928,EW_GREEN,4,4.5,6,6.0,0,0.0,0,0.0
1929,EW_GREEN,4,4.5,6,6.0,0,0.0,0,0.0
1930,EW_GREEN,4,4.5,6,6.0,0,0.0,0,0.0
1931,EW_GREEN,4,4.5,6,6.0,0,0.0,0,0.0
1932,EW_GREEN,4,4.5,6,6.0,0,0.0,0,0.0
1933,EW_GREEN,4,4.5,6,6.0,0,0.0,0,0.0
1934,EW_YELLOW,4,4.5,6,6.0,0,0.0,0,0.0
1935,EW_YELLOW,7,7.5,7,7.0,0,0.0,0,0.0
1936,EW_YELLOW,8,10.5,7,7.0,1,1.0,0,0.0
1937,EW_YELLOW,9,11.5,7,7.0,1,1.0,1,1.0
1938,NS_GREEN,8,10.5,6,6.0,1,1.0,1,1.0
1939,NS_GREEN,7,9.0,5,5.0,1,1.0,1,1.0
1940,NS_GREEN,6,8.0,5,5.0,1,1.0,1,1.0
1941,NS_GREEN,5,7.0,5,6.0,1,1.0,1,1.0
1942,NS_GREEN,4,6.0,4,5.0,1,1.0,1,1.0
1943,NS_GREEN,4,6.0,3,4.0,2,2.0,1,1.0
1944,NS_GREEN,3,5.0,2,3.0,2,2.0,1,1.0
1945,NS_GREEN,2,2.0,1,2.0,2,2.0,1,1.0
1946,NS_GREEN,1,1.0,1,1.0,2,2.0,1,1.0
1947,NS_GREEN,0,0.0,1,1.0,2,2.0,2,2.0
1948,NS_GREEN,0,0.0,0,0.0,2,2.0,2,2.0
1949,NS_GREEN,0,0.0,0,0.0,3,3.0,2,2.0
1950,NS_GREEN,0,0.0,0,0.0,3,3.0,2,2.0
1951,NS_GREEN,0,0.0,1,2.0,3,3.0,2,2.0
1952,NS_GREEN,0,0.0,0,0.0,3,3.0,2,2.0
1953,NS_GREEN,0,0.0,0,0.0,3,3.0,2,2.0
1954,NS_GREEN,0,0.0,0,0.0,3,3.0,2,2.0
1955,NS_GREEN,0,0.0,0,0.0,3,3.0,2,2.0
1956,NS_GREEN,0,0.0,0,0.0,3,3.0,2,2.0
1957,NS_GREEN,0,0.0,0,0.0,3,3.0,2,2.0
1958,NS_YELLOW,0,0.0,0,0.0,4,4.0,2,2.0
1959,NS_YELLOW,1,1.0,1,1.0,4,4.0,2,2.0
1960,NS_YELLOW,1,1.0,1,1.0,4,4.0,2,2.0
1961,NS_YELLOW,1,1.0,3,3.0,4,4.0,2,2.0
1962,EW_GREEN,1,1.0,3,3.0,4,4.0,2,2.0
1963,EW_GREEN,2,2.0,4,4.0,3,3.0,1,1.0
1964,EW_GREEN,2,2.0,5,5.0,2,2.0,0,0.0
1965,EW_GREEN,2,2.0,6,7.0,1,1.0,0,0.0
1966,EW_GREEN,2,2.0,6,7.0,0,0.0,0,0.0
1967,EW_GREEN,2,2.0,7,8.0,0,0.0,0,0.0
1968,EW_GREEN,2,2.0,7,8.0,0,0.0,0,0.0
1969,EW_GREEN,2,2.0,7,8.0,0,0.0,0,0.0
1970,EW_GREEN,2,2.0,7,8.0,0,0.0,0,0.0
1971,EW_GREEN,2,2.0,7,8.0,0,0.0,0,0.0
1972,EW_GREEN,2,2.0,7,8.0,0,0.0,0,0.0
1973,EW_GREEN,2,2.0,7,8.0,0,0.0,0,0.0
1974,EW_GREEN,2,2.0,7,8.0,0,0.0,0,0.0
1975,EW_GREEN,3,3.0,7,8.0,0,0.0,0,0.0
1976,EW_GREEN,3,3.0,8,11.0,0,0.0,0,0.0
1977,EW_GREEN,4,4.0,8,11.0,0,0.0,0,0.0
1978,EW_GREEN,4,4.0,8,11.0,0,0.0,0,0.0
1979,EW_GREEN,4,4.0,8,11.0,0,0.0,0,0.0
1980,EW_GREEN,4,4.0,8,11.0,0,0.0,0,0.0
1981,EW_GREEN,4,4.0,9,14.0,0,0.0,0,0.0
1982,EW_YELLOW,4,4.0,9,14.0,0,0.0,0,0.0
1983,EW_YELLOW,4,4.0,9,14.0,0,0.0,0,0.0
1984,EW_YELLOW,5,5.0,10,15.0,0,0.0,0,0.0
1985,EW_YELLOW,5,5.0,10,15.0,0,0.0,0,0.0
1986,NS_GREEN,4,4.0,9,14.0,0,0.0,0,0.0
1987,NS_GREEN,4,4.0,8,13.0,0,0.0,1,1.0
1988,NS_GREEN,3,3.0,7,12.0,0,0.0,1,1.0
1989,NS_GREEN,2,2.0,6,11.0,0,0.0,1,1.0
1990,NS_GREEN,1,1.0,5,10.0,0,0.0,1,1.0
1991,NS_GREEN,0,0.0,4,8.0,0,0.0,1,1.0
1992,NS_GREEN,0,0.0,4,8.0,0,0.0,1,1.0
1993,NS_GREEN,0,0.0,4,6.0,0,0.0,1,1.0
1994,NS_GREEN,0,0.0,4,5.0,0,0.0,1,1.0
1995,NS_GREEN,0,0.0,3,4.0,0,0.0,1,1.0
1996,NS_GREEN,0,0.0,2,3.0,0,0.0,2,2.0
1997,NS_GREEN,0,0.0,1,2.0,0,0.0,2,2.0
1998,NS_GREEN,0,0.0,0,0.0,0,0.0,4,4.0
1999,NS_GREEN,0,0.0,0,0.0,0,0.0,4,4.0
2000,NS_GREEN,0,0.0,0,0.0,1,3.0,4,4.0
2001,NS_GREEN,0,0.0,1,1.0,1,3.0,5,5.0
2002,NS_GREEN,0,0.0,0,0.0,2,4.0,5,5.0
2003,NS_GREEN,0,0.0,0,0.0,3,7.0,5,5.0
2004,NS_GREEN,0,0.0,0,0.0,3,7.0,6,6.0
2005,NS_GREEN,0,0.0,0,0.0,4,8.0,6,6.0
2006,NS_YELLOW,0,0.0,0,0.0,4,8.0,7,7.0
2007,NS_YELLOW,0,0.0,0,0.0,4,8.0,7,7.0
2008,NS_YELLOW,0,0.0,1,1.5,4,8.0,7,7.0
2009,NS_YELLOW,0,0.0,1,1.5,4,8.0,7,7.0
2010,EW_GREEN,0,0.0,1,1.5,3,5.0,6,6.0
2011,EW_GREEN,0,0.0,1,1.5,3,5.0,5,5.0
2012,EW_GREEN,0,0.0,1,1.5,3,3.5,4,4.0
2013,EW_GREEN,0,0.0,1,1.5,3,3.5,3,3.0
2014,EW_GREEN,0,0.0,1,1.5,2,2.5,2,2.0
2015,EW_GREEN,1,1.0,1,1.5,1,1.0,1,1.0
2016,EW_GREEN,1,1.0,1,1.5,0,0.0,0,0.0
2017,EW_GREEN,2,2.0,1,1.5,0,0.0,0,0.0
2018,EW_GREEN,2,2.0,2,4.5,0,0.0,0,0.0
2019,EW_GREEN,3,3.0,3,5.5,0,0.0,0,0.0
2020,EW_GREEN,4,4.0,3,5.5,0,0.0,0,0.0
2021,EW_GREEN,4,4.0,3,5.5,0,0.0,0,0.0
2022,EW_GREEN,4,4.0,5,7.5,0,0.0,0,0.0
2023,EW_GREEN,4,4.0,5,7.5,0,0.0,0,0.0
2024,EW_GREEN,4,4.0,6,8.5,0,0.0,0,0.0
2025,EW_GREEN,4,4.0,7,9.5,0,0.0,0,0.0
2026,EW_GREEN,4,4.0,7,9.5,1,1.0,0,0.0
2027,EW_GREEN,5,5.5,7,9.5,2,3.0,0,0.0
2028,EW_GREEN,5,5.5,7,9.5,1,2.0,0,0.0
2029,EW_GREEN,5,5.5,7,9.5,0,0.0,0,0.0
2030,EW_GREEN,5,5.5,8,10.5,0,0.0,0,0.0
2031,EW_YELLOW,5,5.5,9,12.0,0,0.0,0,0.0
2032,EW_YELLOW,6,6.5,9,12.0,0,0.0,0,0.0
2033,EW_YELLOW,7,8.0,11,17.0,0,0.0,0,0.0
2034,EW_YELLOW,7,8.0,11,17.0,0,0.0,0,0.0
2035,NS_GREEN,6,7.0,10,15.5,0,0.0,0,0.0
2036,NS_GREEN,5,6.0,9,12.5,0,0.0,0,0.0
2037,NS_GREEN,4,5.0,8,11.5,0,0.0,0,0.0
2038,NS_GREEN,3,4.0,8,11.5,0,0.0,0,0.0
2039,NS_GREEN,2,2.5,7,10.5,0,0.0,0,0.0
2040,NS_GREEN,1,1.5,6,9.5,0,0.0,0,0.0
2041,NS_GREEN,0,0.0,6,9.5,0,0.0,0,0.0
2042,NS_GREEN,0,0.0,5,8.5,0,0.0,1,1.0
2043,NS_GREEN,0,0.0,4,7.0,0,0.0,1,1.0
2044,NS_GREEN,0,0.0,3,5.0,0,0.0,1,1.0
2045,NS_GREEN,0,0.0,2,2.0,0,0.0,1,1.0
2046,NS_GREEN,0,0.0,1,1.0,0,0.0,1,1.0
2047,NS_GREEN,0,0.0,0,0.0,0,0.0,1,1.0
2048,NS_GREEN,0,0.0,0,0.0,0,0.0,1,1.0
2049,NS_GREEN,0,0.0,1,2.0,0,0.0,1,1.0
2050,NS_GREEN,0,0.0,0,0.0,0,0.0,1,1.0
2051,NS_GREEN,0,0.0,0,0.0,0,0.0,2,2.0
2052,NS_GREEN,0,0.0,0,0.0,0,0.0,3,3.5
2053,NS_GREEN,0,0.0,1,1.5,1,1.0,3,3.5
2054,NS_GREEN,0,0.0,0,0.0,1,1.0,3,3.5
2055,NS_GREEN,0,0.0,0,0.0,1,1.0,3,3.5
2056,NS_GREEN,0,0.0,0,0.0,1,1.0,3,3.5
2057,NS_GREEN,0,0.0,0,0.0,1,1.0,3,3.5
2058,NS_GREEN,0,0.0,0,0.0,1,1.0,3,3.5
2059,NS_GREEN,0,0.0,0,0.0,1,1.0,3,3.5
2060,NS_GREEN,0,0.0,0,0.0,1,1.0,3,3.5
2061,NS_GREEN,0,0.0,0,0.0,1,1.0,3,3.5
2062,NS_GREEN,0,0.0,0,0.0,1,1.0,3,3.5
2063,NS_GREEN,0,0.0,0,0.0,1,1.0,3,3.5
2064,NS_GREEN,0,0.0,0,0.0,2,2.0,3,3.5
2065,NS_GREEN,0,0.0,0,0.0,2,2.0,3,3.5
2066,NS_YELLOW,0,0.0,0,0.0,3,3.0,3,3.5
2067,NS_YELLOW,0,0.0,0,0.0,4,4.0,3,3.5
2068,NS_YELLOW,1,1.5,1,3.0,4,4.0,3,3.5
2069,NS_YELLOW,1,1.5,1,3.0,4,4.0,3,3.5
2070,EW_GREEN,1,1.5,1,3.0,3,3.0,2,2.5
2071,EW_GREEN,1,1.5,2,4.0,2,2.0,1,1.5
2072,EW_GREEN,1,1.5,2,4.0,1,1.0,0,0.0
2073,EW_GREEN,1,1.5,2,4.0,1,1.5,0,0.0
2074,EW_GREEN,2,3.0,2,4.0,0,0.0,0,0.0
2075,EW_GREEN,2,3.0,3,5.0,0,0.0,0,0.0
2076,EW_GREEN,2,3.0,3,5.0,0,0.0,0,0.0
2077,EW_GREEN,3,4.0,4,6.0,0,0.0,0,0.0
2078,EW_GREEN,4,5.0,4,6.0,0,0.0,0,0.0
2079,EW_GREEN,4,5.0,4,6.0,0,0.0,0,0.0
2080,EW_GREEN,4,5.0,4,6.0,0,0.0,0,0.0
2081,EW_GREEN,4,5.0,4,6.0,0,0.0,0,0.0
2082,EW_GREEN,4,5.0,4,6.0,0,0.0,0,0.0
2083,EW_GREEN,4,5.0,4,6.0,0,0.0,0,0.0
2084,EW_GREEN,5,7.0,5,7.0,0,0.0,0,0.0
2085,EW_GREEN,5,7.0,5,7.0,0,0.0,0,0.0
2086,EW_GREEN,5,7.0,5,7.0,0,0.0,0,0.0
2087,EW_GREEN,7,9.0,5,7.0,0,0.0,0,0.0
2088,EW_GREEN,7,9.0,5,7.0,0,0.0,0,0.0
2089,EW_GREEN,7,9.0,5,7.0,0,0.0,0,0.0
2090,EW_YELLOW,7,9.0,5,7.0,0,0.0,0,0.0
2091,EW_YELLOW,7,9.0,5,7.0,0,0.0,0,0.0
2092,EW_YELLOW,8,10.0,5,7.0,0,0.0,0,0.0
2093,EW_YELLOW,9,13.0,6,8.0,0,0.0,2,2.0
2094,NS_GREEN,9,12.5,5,5.0,0,0.0,2,2.0
2095,NS_GREEN,8,11.0,4,4.0,0,0.0,2,2.0
2096,NS_GREEN,8,11.0,3,3.0,0,0.0,3,3.0
2097,NS_GREEN,8,11.0,2,2.0,0,0.0,3,3.0
2098,NS_GREEN,7,9.0,1,1.0,1,1.0,3,3.0
2099,NS_GREEN,7,9.0,0,0.0,1,1.0,3,3.0
2100,NS_GREEN,6,8.0,0,0.0,1,1.0,3,3.0
2101,NS_GREEN,5,7.0,0,0.0,1,1.0,3,3.0
2102,NS_GREEN,4,4.0,0,0.0,1,1.0,3,3.0
2103,NS_GREEN,3,3.0,0,0.0,1,1.0,4,4.5
2104,NS_GREEN,2,2.0,0,0.0,1,1.0,4,4.5
2105,NS_GREEN,1,1.0,0,0.0,1,1.0,5,5.5
2106,NS_GREEN,0,0.0,0,0.0,1,1.0,6,6.5
2107,NS_GREEN,0,0.0,0,0.0,1,1.0,7,7.5
2108,NS_GREEN,0,0.0,0,0.0,1,1.0,7,7.5
2109,NS_GREEN,0,0.0,0,0.0,1,1.0,7,7.5
2110,NS_GREEN,0,0.0,0,0.0,1,1.0,7,7.5
2111,NS_GREEN,0,0.0,0,0.0,2,3.0,7,7.5
2112,NS_GREEN,0,0.0,0,0.0,2,3.0,7,7.5
2113,NS_GREEN,0,0.0,0,0.0,2,3.0,7,7.5
2114,NS_GREEN,0,0.0,0,0.0,2,3.0,7,7.5
2115,NS_YELLOW,0,0.0,0,0.0,2,3.0,7,7.5
2116,NS_YELLOW,0,0.0,0,0.0,2,3.0,7,7.5
2117,NS_YELLOW,1,1.0,0,0.0,2,3.0,7,7.5
2118,NS_YELLOW,3,4.0,0,0.0,2,3.0,8,8.5
2119,EW_GREEN,3,4.0,1,1.0,1,2.0,7,7.5
2120,EW_GREEN,3,4.0,1,1.0,0,0.0,6,6.5
2121,EW_GREEN,3,4.0,1,1.0,0,0.0,5,5.5
2122,EW_GREEN,4,5.0,1,1.0,0,0.0,4,4.0
2123,EW_GREEN,4,5.0,2,3.0,0,0.0,3,3.0
2124,EW_GREEN,5,6.0,2,3.0,0,0.0,2,2.0
2125,EW_GREEN,6,7.5,2,3.0,0,0.0,1,1.0
2126,EW_GREEN,6,7.5,2,3.0,0,0.0,0,0.0
2127,EW_GREEN,6,7.5,2,3.0,0,0.0,0,0.0
2128,EW_GREEN,7,10.5,2,3.0,0,0.0,0,0.0
2129,EW_GREEN,7,10.5,2,3.0,0,0.0,0,0.0
2130,EW_GREEN,8,11.5,2,3.0,0,0.0,0,0.0
2131,EW_GREEN,8,11.5,2,3.0,0,0.0,0,0.0
2132,EW_GREEN,9,12.5,2,3.0,0,0.0,0,0.0
2133,EW_GREEN,9,12.5,2,3.0,0,0.0,0,0.0
2134,EW_GREEN,9,12.5,2,3.0,0,0.0,0,0.0
2135,EW_GREEN,9,12.5,3,4.0,0,0.0,0,0.0
2136,EW_GREEN,10,14.0,3,4.0,0,0.0,0,0.0
2137,EW_GREEN,10,14.0,3,4.0,0,0.0,0,0.0
2138,EW_GREEN,12,17.0,4,5.0,0,0.0,0,0.0
2139,EW_YELLOW,12,17.0,4,5.0,0,0.0,0,0.0
2140,EW_YELLOW,12,17.0,4,5.0,0,0.0,0,0.0
2141,EW_YELLOW,12,17.0,4,5.0,0,0.0,0,0.0
2142,EW_YELLOW,12,17.0,4,5.0,0,0.0,0,0.0
2143,NS_GREEN,11,16.0,3,4.0,0,0.0,0,0.0
2144,NS_GREEN,11,15.0,2,2.0,0,0.0,0,0.0
2145,NS_GREEN,10,14.0,1,1.0,0,0.0,0,0.0
2146,NS_GREEN,9,13.0,0,0.0,0,0.0,0,0.0
2147,NS_GREEN,8,12.0,0,0.0,0,0.0,1,1.0
2148,NS_GREEN,8,13.5,1,1.0,0,0.0,1,1.0
2149,NS_GREEN,9,12.5,0,0.0,0,0.0,1,1.0
2150,NS_GREEN,8,11.5,0,0.0,0,0.0,1,1.0
2151,NS_GREEN,9,13.0,0,0.0,0,0.0,2,2.0
2152,NS_GREEN,8,11.5,0,0.0,0,0.0,2,2.0
2153,NS_GREEN,7,10.0,0,0.0,0,0.0,2,2.0
2154,NS_GREEN,6,8.5,0,0.0,0,0.0,2,2.0
2155,NS_GREEN,5,7.5,0,0.0,1,1.0,2,2.0
2156,NS_GREEN,4,4.5,0,0.0,2,2.0,3,3.0
2157,NS_GREEN,3,3.5,0,0.0,3,3.0,3,3.0
2158,NS_GREEN,2,2.5,0,0.0,3,3.0,3,3.0
2159,NS_GREEN,1,1.5,0,0.0,3,3.0,3,3.0
2160,NS_GREEN,0,0.0,0,0.0,3,3.0,3,3.0
2161,NS_GREEN,0,0.0,0,0.0,3,3.0,3,3.0
2162,NS_GREEN,0,0.0,0,0.0,3,3.0,3,3.0
2163,NS_YELLOW,0,0.0,0,0.0,3,3.0,3,3.0
2164,NS_YELLOW,0,0.0,0,0.0,3,3.0,3,3.0
2165,NS_YELLOW,1,1.0,0,0.0,4,5.0,4,6.0
2166,NS_YELLOW,1,1.0,0,0.0,4,5.0,4,6.0
2167,EW_GREEN,1,1.0,0,0.0,3,4.0,3,5.0
2168,EW_GREEN,1,1.0,0,0.0,2,3.0,2,4.0
2169,EW_GREEN,1,1.0,0,0.0,1,2.0,1,3.0
2170,EW_GREEN,3,3.0,1,1.0,1,1.0,0,0.0
2171,EW_GREEN,3,3.0,1,1.0,0,0.0,0,0.0
2172,EW_GREEN,3,3.0,1,1.0,0,0.0,0,0.0
2173,EW_GREEN,3,3.0,1,1.0,0,0.0,0,0.0
2174,EW_GREEN,3,3.0,1,1.0,0,0.0,0,0.0
2175,EW_GREEN,4,4.0,1,1.0,0,0.0,0,0.0
2176,EW_GREEN,4,4.0,2,2.0,0,0.0,0,0.0
2177,EW_GREEN,4,4.0,3,3.0,0,0.0,0,0.0
2178,EW_GREEN,4,4.0,4,4.0,0,0.0,0,0.0
2179,EW_GREEN,4,4.0,5,6.0,0,0.0,0,0.0
2180,EW_GREEN,4,4.0,5,6.0,0,0.0,0,0.0
2181,EW_GREEN,4,4.0,6,7.5,0,0.0,0,0.0
2182,EW_GREEN,4,4.0,6,7.5,0,0.0,0,0.0
2183,EW_GREEN,4,4.0,6,7.5,0,0.0,0,0.0
2184,EW_GREEN,4,4.0,6,7.5,0,0.0,0,0.0
2185,EW_GREEN,4,4.0,6,7.5,0,0.0,0,0.0
2186,EW_GREEN,4,4.0,6,7.5,0,0.0,1,1.0
2187,EW_GREEN,5,5.0,6,7.5,0,0.0,0,0.0
2188,EW_YELLOW,5,5.0,8,9.5,0,0.0,0,0.0
2189,EW_YELLOW,6,6.0,8,9.5,1,1.0,0,0.0
2190,EW_YELLOW,7,7.0,8,9.5,3,3.0,0,0.0
2191,EW_YELLOW,7,7.0,9,11.0,3,3.0,0,0.0
2192,NS_GREEN,7,7.0,8,10.0,3,3.0,0,0.0
2193,NS_GREEN,7,7.5,7,9.0,3,3.0,0,0.0
2194,NS_GREEN,6,6.5,6,8.0,3,3.0,0,0.0
2195,NS_GREEN,5,5.5,5,7.0,3,3.0,0,0.0
2196,NS_GREEN,4,4.5,4,5.0,3,3.0,0,0.0
2197,NS_GREEN,3,3.5,4,5.0,3,3.0,0,0.0
2198,NS_GREEN,2,2.5,3,4.0,3,3.0,0,0.0
2199,NS_GREEN,1,1.5,2,3.0,3,3.0,0,0.0
2200,NS_GREEN,1,1.0,1,1.5,3,3.0,0,0.0
2201,NS_GREEN,1,3.0,0,0.0,3,3.0,1,1.0
2202,NS_GREEN,0,0.0,0,0.0,3,3.0,1,1.0
2203,NS_GREEN,0,0.0,0,0.0,3,3.0,1,1.0
2204,NS_GREEN,0,0.0,0,0.0,3,3.0,1,1.0
2205,NS_GREEN,0,0.0,0,0.0,4,4.0,1,1.0
2206,NS_GREEN,0,0.0,0,0.0,4,4.0,1,1.0
2207,NS_GREEN,0,0.0,0,0.0,4,4.0,1,1.0
2208,NS_GREEN,0,0.0,0,0.0,4,4.0,1,1.0
2209,NS_GREEN,0,0.0,0,0.0,5,5.0,1,1.0
2210,NS_GREEN,0,0.0,0,0.0,5,5.0,2,3.0
2211,NS_GREEN,0,0.0,0,0.0,5,5.0,3,4.0
2212,NS_GREEN,1,1.0,0,0.0,7,8.0,3,4.0
2213,NS_GREEN,0,0.0,0,0.0,7,8.0,3,4.0
2214,NS_YELLOW,0,0.0,0,0.0,7,8.0,3,4.0
2215,NS_YELLOW,0,0.0,0,0.0,7,8.0,3,4.0
2216,NS_YELLOW,0,0.0,0,0.0,8,9.0,3,4.0
2217,NS_YELLOW,0,0.0,0,0.0,8,9.0,3,4.0
2218,EW_GREEN,0,0.0,0,0.0,7,8.0,2,3.0
2219,EW_GREEN,0,0.0,0,0.0,6,7.0,1,1.0
2220,EW_GREEN,0,0.0,1,1.0,5,6.0,0,0.0
2221,EW_GREEN,1,3.0,2,2.0,4,5.0,0,0.0
2222,EW_GREEN,1,3.0,2,2.0,4,7.0,0,0.0
2223,EW_GREEN,1,3.0,2,2.0,3,6.0,0,0.0
2224,EW_GREEN,2,6.0,2,2.0,2,4.0,0,0.0
2225,EW_GREEN,2,6.0,2,2.0,2,4.0,0,0.0
2226,EW_GREEN,2,6.0,2,2.0,1,1.0,0,0.0
2227,EW_GREEN,2,6.0,2,2.0,0,0.0,0,0.0
2228,EW_GREEN,2,6.0,2,2.0,0,0.0,0,0.0
2229,EW_GREEN,2,6.0,2,2.0,0,0.0,0,0.0
2230,EW_GREEN,2,6.0,2,2.0,0,0.0,0,0.0
2231,EW_GREEN,2,6.0,2,2.0,0,0.0,0,0.0
2232,EW_GREEN,2,6.0,2,2.0,0,0.0,0,0.0
2233,EW_GREEN,2,6.0,3,3.0,0,0.0,0,0.0
2234,EW_GREEN,2,6.0,3,3.0,0,0.0,0,0.0
2235,EW_GREEN,3,7.0,3,3.0,0,0.0,0,0.0
2236,EW_GREEN,3,7.0,3,3.0,0,0.0,0,0.0
2237,EW_GREEN,3,7.0,4,4.0,0,0.0,0,0.0
2238,EW_YELLOW,3,7.0,4,4.0,0,0.0,0,0.0
2239,EW_YELLOW,3,7.0,4,4.0,0,0.0,1,1.0
2240,EW_YELLOW,3,7.0,4,4.0,0,0.0,1,1.0
2241,EW_YELLOW,3,7.0,4,4.0,0,0.0,2,2.0
2242,NS_GREEN,2,4.0,3,3.0,0,0.0,2,2.0
2243,NS_GREEN,1,1.0,2,2.0,0,0.0,2,2.0
2244,NS_GREEN,0,0.0,1,1.0,0,0.0,3,4.0
2245,NS_GREEN,0,0.0,2,2.0,0,0.0,3,4.0
2246,NS_GREEN,0,0.0,1,1.0,0,0.0,3,4.0
2247,NS_GREEN,0,0.0,0,0.0,0,0.0,3,4.0
2248,NS_GREEN,0,0.0,0,0.0,0,0.0,3,4.0
2249,NS_GREEN,0,0.0,0,0.0,0,0.0,3,4.0
2250,NS_GREEN,0,0.0,0,0.0,0,0.0,3,4.0
2251,NS_GREEN,0,0.0,0,0.0,1,1.0,3,4.0
2252,NS_GREEN,0,0.0,0,0.0,2,2.0,3,4.0
2253,NS_GREEN,0,0.0,0,0.0,2,2.0,3,4.0
2254,NS_GREEN,0,0.0,0,0.0,3,3.0,3,4.0
2255,NS_GREEN,0,0.0,0,0.0,3,3.0,3,4.0
2256,NS_GREEN,0,0.0,0,0.0,3,3.0,3,4.0
2257,NS_GREEN,0,0.0,0,0.0,3,3.0,3,4.0
2258,NS_GREEN,0,0.0,0,0.0,4,5.0,3,4.0
2259,NS_GREEN,0,0.0,0,0.0,4,5.0,3,4.0
2260,NS_GREEN,0,0.0,0,0.0,4,5.0,3,4.0
2261,NS_GREEN,0,0.0,0,0.0,4,5.0,3,4.0
2262,NS_YELLOW,0,0.0,0,0.0,4,5.0,4,5.0
2263,NS_YELLOW,1,1.0,0,0.0,5,6.0,4,5.0
2264,NS_YELLOW,1,1.0,0,0.0,5,6.0,4,5.0
2265,NS_YELLOW,1,1.0,0,0.0,5,6.0,5,6.0
2266,EW_GREEN,1,1.0,0,0.0,4,5.0,4,5.0
2267,EW_GREEN,2,2.0,0,0.0,3,4.0,4,5.0
2268,EW_GREEN,2,2.0,1,1.0,3,4.0,3,3.0
2269,EW_GREEN,2,2.0,1,1.0,2,2.0,2,2.0
2270,EW_GREEN,2,2.0,1,1.0,1,1.0,1,1.0
2271,EW_GREEN,2,2.0,1,1.0,0,0.0,0,0.0
2272,EW_GREEN,2,2.0,2,2.5,0,0.0,0,0.0
2273,EW_GREEN,3,3.0,2,2.5,0,0.0,0,0.0
2274,EW_GREEN,4,4.0,2,2.5,0,0.0,0,0.0
2275,EW_GREEN,4,4.0,2,2.5,0,0.0,0,0.0
2276,EW_GREEN,4,4.0,2,2.5,0,0.0,0,0.0
2277,EW_GREEN,4,4.0,2,2.5,0,0.0,0,0.0
2278,EW_GREEN,4,4.0,3,3.5,0,0.0,0,0.0
2279,EW_GREEN,4,4.0,3,3.5,0,0.0,0,0.0
2280,EW_GREEN,4,4.0,3,3.5,0,0.0,0,0.0
2281,EW_GREEN,4,4.0,3,3.5,0,0.0,0,0.0
2282,EW_GREEN,4,4.0,3,3.5,0,0.0,0,0.0
2283,EW_GREEN,4,4.0,3,3.5,0,0.0,0,0.0
2284,EW_GREEN,4,4.0,3,3.5,0,0.0,0,0.0
2285,EW_GREEN,4,4.0,3,3.5,0,0.0,0,0.0
2286,EW_YELLOW,4,4.0,3,3.5,0,0.0,0,0.0
2287,EW_YELLOW,5,5.0,3,3.5,1,1.0,0,0.0
2288,EW_YELLOW,6,6.0,3,3.5,1,1.0,0,0.0
2289,EW_YELLOW,7,8.0,3,3.5,2,2.0,0,0.0
2290,NS_GREEN,6,7.0,2,2.5,2,2.0,1,1.0
2291,NS_GREEN,5,6.0,2,2.0,2,2.0,1,1.0
2292,NS_GREEN,4,5.0,1,1.0,4,4.0,2,2.0
2293,NS_GREEN,3,4.0,0,0.0,4,4.0,2,2.0
2294,NS_GREEN,3,4.0,0,0.0,5,5.0,2,2.0
2295,NS_GREEN,2,3.0,0,0.0,5,5.0,2,2.0
2296,NS_GREEN,1,1.0,0,0.0,5,5.0,2,2.0
2297,NS_GREEN,0,0.0,0,0.0,5,5.0,2,2.0
2298,NS_GREEN,0,0.0,0,0.0,5,5.0,2,2.0
2299,NS_GREEN,0,0.0,0,0.0,5,5.0,2,2.0
2300,NS_GREEN,0,0.0,0,0.0,5,5.0,2,2.0
2301,NS_GREEN,0,0.0,0,0.0,5,5.0,3,3.0
2302,NS_GREEN,0,0.0,0,0.0,5,5.0,3,3.0
2303,NS_GREEN,0,0.0,0,0.0,5,5.0,3,3.0
2304,NS_GREEN,1,1.0,0,0.0,5,5.0,3,3.0
2305,NS_GREEN,0,0.0,0,0.0,5,5.0,4,5.0
2306,NS_GREEN,0,0.0,0,0.0,5,5.0,5,6.0
2307,NS_GREEN,0,0.0,0,0.0,5,5.0,5,6.0
2308,NS_GREEN,0,0.0,0,0.0,7,9.0,5,6.0
2309,NS_GREEN,0,0.0,0,0.0,8,10.0,5,6.0
2310,NS_GREEN,0,0.0,0,0.0,8,10.0,5,6.0
2311,NS_GREEN,0,0.0,0,0.0,8,10.0,5,6.0
2312,NS_YELLOW,0,0.0,0,0.0,9,12.0,5,6.0
2313,NS_YELLOW,0,0.0,0,0.0,9,12.0,5,6.0
2314,NS_YELLOW,0,0.0,1,1.0,9,12.0,5,6.0
2315,NS_YELLOW,0,0.0,3,3.5,9,12.0,6,8.0
2316,EW_GREEN,0,0.0,3,3.5,8,11.0,5,7.0
2317,EW_GREEN,0,0.0,3,3.5,7,10.0,4,6.0
2318,EW_GREEN,0,0.0,4,4.5,7,12.0,3,5.0
2319,EW_GREEN,0,0.0,4,4.5,6,11.0,2,3.0
2320,EW_GREEN,0,0.0,4,4.5,5,10.0,2,4.0
2321,EW_GREEN,1,2.0,4,4.5,4,7.0,1,2.0
2322,EW_GREEN,1,2.0,4,4.5,3,6.0,0,0.0
2323,EW_GREEN,2,3.0,4,4.5,2,5.0,0,0.0
2324,EW_GREEN,3,4.0,4,4.5,1,3.0,0,0.0
2325,EW_GREEN,3,4.0,4,4.5,0,0.0,0,0.0
2326,EW_GREEN,4,5.0,4,4.5,0,0.0,0,0.0
2327,EW_GREEN,5,6.5,4,4.5,0,0.0,0,0.0
2328,EW_GREEN,5,6.5,4,4.5,0,0.0,0,0.0
2329,EW_GREEN,5,6.5,6,7.0,0,0.0,0,0.0
2330,EW_GREEN,5,6.5,7,9.0,0,0.0,0,0.0
2331,EW_GREEN,5,6.5,8,10.5,0,0.0,0,0.0
2332,EW_GREEN,5,6.5,8,10.5,0,0.0,0,0.0
2333,EW_GREEN,6,8.5,8,10.5,0,0.0,0,0.0
2334,EW_GREEN,6,8.5,8,10.5,0,0.0,0,0.0
2335,EW_GREEN,6,8.5,8,10.5,0,0.0,0,0.0
2336,EW_YELLOW,6,8.5,8,10.5,0,0.0,0,0.0
2337,EW_YELLOW,6,8.5,8,10.5,0,0.0,0,0.0
2338,EW_YELLOW,6,8.5,8,10.5,0,0.0,0,0.0
2339,EW_YELLOW,6,8.5,8,10.5,0,0.0,0,0.0
2340,NS_GREEN,5,6.5,7,9.5,0,0.0,0,0.0
2341,NS_GREEN,4,5.5,6,8.5,0,0.0,0,0.0
2342,NS_GREEN,3,4.5,6,8.0,1,1.0,0,0.0
2343,NS_GREEN,2,3.5,5,7.0,1,1.0,0,0.0
2344,NS_GREEN,2,3.0,5,6.5,1,1.0,0,0.0
2345,NS_GREEN,2,2.0,4,5.5,1,1.0,0,0.0
2346,NS_GREEN,1,1.0,3,3.5,2,2.0,0,0.0
2347,NS_GREEN,0,0.0,3,3.0,2,2.0,0,0.0
2348,NS_GREEN,0,0.0,3,3.0,2,2.0,0,0.0
2349,NS_GREEN,0,0.0,2,2.0,2,2.0,0,0.0
2350,NS_GREEN,0,0.0,1,1.0,2,2.0,0,0.0
2351,NS_GREEN,0,0.0,0,0.0,2,2.0,0,0.0
2352,NS_GREEN,0,0.0,0,0.0,2,2.0,0,0.0
2353,NS_GREEN,0,0.0,0,0.0,2,2.0,0,0.0
2354,NS_GREEN,0,0.0,0,0.0,3,4.0,0,0.0
2355,NS_GREEN,0,0.0,0,0.0,3,4.0,1,1.0
2356,NS_GREEN,0,0.0,0,0.0,3,4.0,1,1.0
2357,NS_GREEN,0,0.0,0,0.0,4,5.0,1,1.0
2358,NS_GREEN,0,0.0,0,0.0,4,5.0,1,1.0
2359,NS_GREEN,0,0.0,0,0.0,4,5.0,1,1.0
2360,NS_GREEN,0,0.0,0,0.0,4,5.0,1,1.0
2361,NS_GREEN,1,1.0,0,0.0,4,5.0,1,1.0
2362,NS_GREEN,0,0.0,0,0.0,5,6.0,1,1.0
2363,NS_YELLOW,0,0.0,0,0.0,5,6.0,1,1.0
2364,NS_YELLOW,2,2.0,0,0.0,6,7.0,1,1.0
2365,NS_YELLOW,2,2.0,0,0.0,6,7.0,2,2.0
2366,NS_YELLOW,2,2.0,0,0.0,6,7.0,2,2.0
2367,EW_GREEN,3,3.0,0,0.0,5,6.0,1,1.0
2368,EW_GREEN,3,3.0,0,0.0,4,5.0,0,0.0
2369,EW_GREEN,4,4.0,1,1.0,3,3.0,0,0.0
2370,EW_GREEN,4,4.0,1,1.0,2,2.0,0,0.0
2371,EW_GREEN,5,5.0,1,1.0,1,1.0,0,0.0
2372,EW_GREEN,5,5.0,1,1.0,0,0.0,0,0.0
2373,EW_GREEN,5,5.0,1,1.0,0,0.0,0,0.0
2374,EW_GREEN,5,5.0,1,1.0,0,0.0,0,0.0
2375,EW_GREEN,5,5.0,2,2.0,0,0.0,0,0.0
2376,EW_GREEN,7,7.0,3,3.5,0,0.0,0,0.0
2377,EW_GREEN,7,7.0,4,4.5,0,0.0,0,0.0
2378,EW_GREEN,7,7.0,4,4.5,0,0.0,0,0.0
2379,EW_GREEN,7,7.0,4,4.5,0,0.0,0,0.0
2380,EW_GREEN,7,7.0,5,6.5,0,0.0,0,0.0
2381,EW_GREEN,7,7.0,5,6.5,0,0.0,0,0.0
2382,EW_GREEN,7,7.0,5,6.5,0,0.0,0,0.0
2383,EW_GREEN,7,7.0,6,8.0,0,0.0,0,0.0
2384,EW_GREEN,7,7.0,8,12.0,0,0.0,0,0.0
2385,EW_GREEN,7,7.0,8,12.0,0,0.0,0,0.0
2386,EW_GREEN,7,7.0,8,12.0,0,0.0,0,0.0
2387,EW_YELLOW,7,7.0,8,12.0,0,0.0,0,0.0
2388,EW_YELLOW,8,9.0,8,12.0,0,0.0,0,0.0
2389,EW_YELLOW,9,10.5,8,12.0,1,1.0,0,0.0
2390,EW_YELLOW,9,10.5,8,12.0,1,1.0,1,1.0
2391,NS_GREEN,8,9.5,8,12.0,1,1.0,1,1.0
2392,NS_GREEN,7,8.5,7,11.0,1,1.0,1,1.0
2393,NS_GREEN,7,8.5,7,10.5,1,1.0,1,1.0
2394,NS_GREEN,6,7.5,7,10.5,1,1.0,1,1.0
2395,NS_GREEN,5,6.5,7,10.0,1,1.0,2,2.0
2396,NS_GREEN,4,5.5,6,8.5,3,3.0,2,2.0
2397,NS_GREEN,3,4.5,5,7.5,3,3.0,3,3.0
2398,NS_GREEN,2,2.5,5,6.0,3,3.0,3,3.0
2399,NS_GREEN,1,1.0,7,8.0,3,3.0,4,4.5
2400,NS_GREEN,0,0.0,6,7.0,3,3.0,4,4.5
2401,NS_GREEN,0,0.0,6,7.0,5,5.0,4,4.5
2402,NS_GREEN,0,0.0,5,5.5,5,5.0,4,4.5
2403,NS_GREEN,0,0.0,4,4.0,5,5.0,4,4.5
2404,NS_GREEN,0,0.0,3,3.0,5,5.0,4,4.5
2405,NS_GREEN,0,0.0,2,2.0,6,6.0,4,4.5
2406,NS_GREEN,0,0.0,1,1.0,6,6.0,4,4.5
2407,NS_GREEN,0,0.0,0,0.0,6,6.0,5,5.5
2408,NS_GREEN,0,0.0,1,1.0,6,6.0,5,5.5
2409,NS_GREEN,0,0.0,0,0.0,6,6.0,5,5.5
2410,NS_GREEN,0,0.0,0,0.0,6,6.0,6,7.0
2411,NS_GREEN,0,0.0,0,0.0,6,6.0,6,7.0
2412,NS_YELLOW,0,0.0,0,0.0,6,6.0,6,7.0
2413,NS_YELLOW,1,1.0,0,0.0,6,6.0,6,7.0
2414,NS_YELLOW,1,1.0,1,1.0,6,6.0,6,7.0
2415,NS_YELLOW,1,1.0,1,1.0,6,6.0,6,7.0
2416,EW_GREEN,1,1.0,1,1.0,5,5.0,5,6.0
2417,EW_GREEN,1,1.0,1,1.0,4,4.0,4,5.0
2418,EW_GREEN,3,3.0,1,1.0,3,3.0,3,4.0
2419,EW_GREEN,4,4.0,1,1.0,2,2.0,2,2.5
2420,EW_GREEN,5,6.0,2,4.0,1,1.0,1,1.5
2421,EW_GREEN,5,6.0,3,6.0,0,0.0,0,0.0
2422,EW_GREEN,5,6.0,3,6.0,0,0.0,0,0.0
2423,EW_GREEN,5,6.0,3,6.0,0,0.0,0,0.0
2424,EW_GREEN,5,6.0,4,7.0,0,0.0,0,0.0
2425,EW_GREEN,5,6.0,4,7.0,0,0.0,0,0.0
2426,EW_GREEN,5,6.0,6,9.0,0,0.0,0,0.0
2427,EW_GREEN,5,6.0,6,9.0,0,0.0,0,0.0
2428,EW_GREEN,5,6.0,6,9.0,0,0.0,0,0.0
2429,EW_GREEN,6,7.0,7,10.0,0,0.0,0,0.0
2430,EW_GREEN,6,7.0,8,11.0,0,0.0,0,0.0
2431,EW_GREEN,6,7.0,9,12.0,0,0.0,0,0.0
2432,EW_GREEN,6,7.0,9,12.0,0,0.0,0,0.0
2433,EW_GREEN,6,7.0,10,13.0,0,0.0,0,0.0
2434,EW_GREEN,6,7.0,10,13.0,0,0.0,0,0.0
2435,EW_GREEN,6,7.0,10,13.0,0,0.0,0,0.0
2436,EW_YELLOW,7,9.0,11,14.0,0,0.0,0,0.0
2437,EW_YELLOW,7,9.0,12,15.0,1,2.0,0,0.0
2438,EW_YELLOW,7,9.0,12,15.0,1,2.0,0,0.0
2439,EW_YELLOW,7,9.0,12,15.0,1,2.0,0,0.0
2440,NS_GREEN,6,8.0,11,14.0,1,2.0,0,0.0
2441,NS_GREEN,5,7.0,10,11.0,1,2.0,0,0.0
2442,NS_GREEN,4,6.0,10,10.0,2,3.0,1,3.0
2443,NS_GREEN,4,6.0,9,9.0,2,3.0,1,3.0
2444,NS_GREEN,3,4.0,9,9.0,2,3.0,1,3.0
2445,NS_GREEN,3,4.0,8,8.0,2,3.0,1,3.0
2446,NS_GREEN,2,2.0,7,7.0,2,3.0,1,3.0
2447,NS_GREEN,1,1.0,7,7.0,2,3.0,1,3.0
2448,NS_GREEN,0,0.0,6,6.0,2,3.0,2,4.0
2449,NS_GREEN,0,0.0,5,5.0,2,3.0,2,4.0
2450,NS_GREEN,0,0.0,4,4.0,2,3.0,2,4.0
2451,NS_GREEN,0,0.0,3,3.0,2,3.0,3,5.0
2452,NS_GREEN,0,0.0,2,2.0,2,3.0,3,5.0
2453,NS_GREEN,0,0.0,2,4.0,2,3.0,3,5.0
2454,NS_GREEN,0,0.0,2,4.0,2,3.0,3,5.0
2455,NS_GREEN,0,0.0,1,1.0,2,3.0,3,5.0
2456,NS_GREEN,0,0.0,0,0.0,2,3.0,3,5.0
2457,NS_GREEN,0,0.0,0,0.0,2,3.0,3,5.0
2458,NS_GREEN,0,0.0,0,0.0,2,3.0,3,5.0
2459,NS_GREEN,0,0.0,0,0.0,2,3.0,3,5.0
2460,NS_GREEN,0,0.0,0,0.0,2,3.0,3,5.0
2461,NS_GREEN,0,0.0,0,0.0,2,3.0,3,5.0
2462,NS_GREEN,0,0.0,0,0.0,2,3.0,3,5.0
2463,NS_GREEN,0,0.0,0,0.0,3,4.0,3,5.0
2464,NS_YELLOW,0,0.0,0,0.0,4,5.0,4,6.0
2465,NS_YELLOW,0,0.0,0,0.0,5,6.0,4,6.0
2466,NS_YELLOW,2,2.5,0,0.0,5,6.0,4,6.0
2467,NS_YELLOW,3,3.5,0,0.0,5,6.0,5,7.0
2468,EW_GREEN,3,3.5,1,1.0,4,4.0,5,5.0
2469,EW_GREEN,3,3.5,2,4.0,3,3.0,4,4.0
2470,EW_GREEN,3,3.5,4,8.0,2,2.0,3,3.0
2471,EW_GREEN,3,3.5,4,8.0,2,2.5,2,2.0
2472,EW_GREEN,3,3.5,4,8.0,1,1.5,1,1.0
2473,EW_GREEN,4,6.5,5,9.0,0,0.0,0,0.0
2474,EW_GREEN,6,8.5,5,9.0,0,0.0,0,0.0
2475,EW_GREEN,6,8.5,6,10.5,0,0.0,0,0.0
2476,EW_GREEN,6,8.5,6,10.5,0,0.0,0,0.0
2477,EW_GREEN,8,11.0,6,10.5,0,0.0,0,0.0
2478,EW_GREEN,9,12.5,6,10.5,0,0.0,0,0.0
2479,EW_GREEN,9,12.5,6,10.5,0,0.0,0,0.0
2480,EW_GREEN,9,12.5,8,12.5,0,0.0,0,0.0
2481,EW_GREEN,9,12.5,8,12.5,0,0.0,0,0.0
2482,EW_GREEN,10,14.0,8,12.5,0,0.0,0,0.0
2483,EW_GREEN,10,14.0,9,13.5,0,0.0,0,0.0
2484,EW_GREEN,10,14.0,9,13.5,0,0.0,0,0.0
2485,EW_GREEN,10,14.0,10,14.5,0,0.0,0,0.0
2486,EW_GREEN,11,15.0,10,14.5,0,0.0,0,0.0
2487,EW_GREEN,11,15.0,11,16.0,0,0.0,0,0.0
2488,EW_YELLOW,11,15.0,11,16.0,0,0.0,0,0.0
2489,EW_YELLOW,11,15.0,13,18.0,1,1.0,0,0.0
2490,EW_YELLOW,11,15.0,14,20.0,1,1.0,1,1.5
2491,EW_YELLOW,12,16.5,14,20.0,3,3.0,1,1.5
2492,NS_GREEN,11,15.5,13,19.0,3,3.0,1,1.5
2493,NS_GREEN,10,14.0,12,16.0,3,3.0,1,1.5
2494,NS_GREEN,10,16.0,11,13.0,3,3.0,1,1.5
2495,NS_GREEN,9,13.0,11,13.0,3,3.0,1,1.5
2496,NS_GREEN,11,16.0,10,12.0,3,3.0,1,1.5
2497,NS_GREEN,11,16.0,10,11.5,4,4.0,1,1.5
2498,NS_GREEN,10,15.0,10,12.0,4,4.0,1,1.5
2499,NS_GREEN,9,13.5,9,11.0,4,4.0,1,1.5
2500,NS_GREEN,8,12.0,8,10.0,4,4.0,1,1.5
2501,NS_GREEN,8,12.5,7,9.0,4,4.0,1,1.5
2502,NS_GREEN,8,14.5,6,7.5,4,4.0,2,2.5
2503,NS_GREEN,7,13.0,6,8.0,4,4.0,2,2.5
2504,NS_GREEN,6,10.0,5,7.0,4,4.0,2,2.5
2505,NS_GREEN,5,9.0,5,6.0,5,5.0,2,2.5
2506,NS_GREEN,4,7.0,4,5.0,5,5.0,2,2.5
2507,NS_GREEN,3,6.0,3,4.0,5,5.0,2,2.5
2508,NS_GREEN,2,5.0,2,2.5,5,5.0,2,2.5
2509,NS_GREEN,1,3.0,2,2.0,5,5.0,2,2.5
2510,NS_GREEN,0,0.0,2,2.5,5,5.0,2,2.5
2511,NS_GREEN,0,0.0,1,1.5,5,5.0,2,2.5
2512,NS_GREEN,0,0.0,0,0.0,6,7.0,2,2.5
2513,NS_YELLOW,0,0.0,0,0.0,6,7.0,2,2.5
2514,NS_YELLOW,0,0.0,0,0.0,6,7.0,2,2.5
2515,NS_YELLOW,0,0.0,0,0.0,6,7.0,2,2.5
2516,NS_YELLOW,0,0.0,0,0.0,6,7.0,2,2.5
2517,EW_GREEN,0,0.0,0,0.0,5,6.0,1,1.0
2518,EW_GREEN,0,0.0,1,1.0,4,5.0,0,0.0
2519,EW_GREEN,0,0.0,2,2.0,3,4.0,0,0.0
2520,EW_GREEN,0,0.0,2,2.0,2,3.0,0,0.0
2521,EW_GREEN,0,0.0,2,2.0,1,2.0,0,0.0
2522,EW_GREEN,0,0.0,2,2.0,0,0.0,0,0.0
2523,EW_GREEN,0,0.0,2,2.0,0,0.0,0,0.0
2524,EW_GREEN,0,0.0,2,2.0,0,0.0,0,0.0
2525,EW_GREEN,0,0.0,2,2.0,0,0.0,0,0.0
2526,EW_GREEN,1,3.0,2,2.0,0,0.0,0,0.0
2527,EW_GREEN,1,3.0,2,2.0,0,0.0,0,0.0
2528,EW_GREEN,1,3.0,3,4.0,0,0.0,0,0.0
2529,EW_GREEN,1,3.0,3,4.0,0,0.0,0,0.0
2530,EW_GREEN,1,3.0,4,5.0,0,0.0,0,0.0
2531,EW_GREEN,1,3.0,4,5.0,0,0.0,0,0.0
2532,EW_GREEN,1,3.0,5,6.0,0,0.0,0,0.0
2533,EW_GREEN,1,3.0,6,7.0,0,0.0,0,0.0
2534,EW_GREEN,2,4.0,6,7.0,0,0.0,0,0.0
2535,EW_GREEN,2,4.0,6,7.0,0,0.0,0,0.0
2536,EW_GREEN,2,4.0,6,7.0,0,0.0,0,0.0
2537,EW_YELLOW,3,5.5,6,7.0,0,0.0,0,0.0
2538,EW_YELLOW,3,5.5,6,7.0,0,0.0,0,0.0
2539,EW_YELLOW,3,5.5,6,7.0,1,1.0,0,0.0
2540,EW_YELLOW,3,5.5,6,7.0,1,1.0,0,0.0
2541,NS_GREEN,2,2.5,5,6.0,1,1.0,0,0.0
2542,NS_GREEN,1,1.5,4,5.0,1,1.0,0,0.0
2543,NS_GREEN,0,0.0,3,3.0,1,1.0,0,0.0
2544,NS_GREEN,0,0.0,3,3.0,1,1.0,1,1.5
2545,NS_GREEN,0,0.0,2,2.0,1,1.0,1,1.5
2546,NS_GREEN,0,0.0,1,1.0,1,1.0,2,2.5
2547,NS_GREEN,0,0.0,0,0.0,1,1.0,2,2.5
2548,NS_GREEN,0,0.0,0,0.0,1,1.0,2,2.5
2549,NS_GREEN,0,0.0,0,0.0,1,1.0,2,2.5
2550,NS_GREEN,0,0.0,0,0.0,1,1.0,3,3.5
2551,NS_GREEN,0,0.0,2,2.0,1,1.0,4,5.0
2552,NS_GREEN,0,0.0,1,1.0,2,4.0,4,5.0
2553,NS_GREEN,0,0.0,1,1.0,2,4.0,6,7.5
2554,NS_GREEN,0,0.0,0,0.0,2,4.0,7,9.5
2555,NS_GREEN,0,0.0,0,0.0,2,4.0,7,9.5
2556,NS_GREEN,0,0.0,0,0.0,2,4.0,8,10.5
2557,NS_GREEN,0,0.0,0,0.0,2,4.0,8,10.5
2558,NS_GREEN,0,0.0,0,0.0,2,4.0,8,10.5
2559,NS_GREEN,0,0.0,0,0.0,2,4.0,8,10.5
2560,NS_GREEN,0,0.0,0,0.0,2,4.0,8,10.5
2561,NS_YELLOW,0,0.0,0,0.0,3,5.0,8,10.5
2562,NS_YELLOW,0,0.0,0,0.0,4,6.0,8,10.5
2563,NS_YELLOW,0,0.0,1,1.0,4,6.0,8,10.5
2564,NS_YELLOW,0,0.0,3,3.5,4,6.0,9,13.5
2565,EW_GREEN,1,1.5,4,4.5,3,5.0,8,12.0
2566,EW_GREEN,1,1.5,4,4.5,2,2.0,7,11.0
2567,EW_GREEN,1,1.5,4,4.5,1,1.0,6,10.0
2568,EW_GREEN,1,1.5,4,4.5,0,0.0,5,8.5
2569,EW_GREEN,1,1.5,4,4.5,0,0.0,4,7.5
2570,EW_GREEN,1,1.5,4,4.5,0,0.0,3,6.0
2571,EW_GREEN,1,1.5,4,4.5,0,0.0,2,4.0
2572,EW_GREEN,1,1.5,4,4.5,0,0.0,1,3.0
2573,EW_GREEN,1,1.5,4,4.5,0,0.0,0,0.0
2574,EW_GREEN,1,1.5,4,4.5,0,0.0,0,0.0
2575,EW_GREEN,1,1.5,5,5.5,0,0.0,0,0.0
2576,EW_GREEN,2,2.5,5,5.5,0,0.0,0,0.0
2577,EW_GREEN,2,2.5,5,5.5,0,0.0,0,0.0
2578,EW_GREEN,2,2.5,5,5.5,0,0.0,0,0.0
2579,EW_GREEN,2,2.5,6,6.5,0,0.0,0,0.0
2580,EW_GREEN,2,2.5,7,8.0,0,0.0,0,0.0
2581,EW_GREEN,3,3.5,7,8.0,0,0.0,0,0.0
2582,EW_GREEN,3,3.5,7,8.0,0,0.0,0,0.0
2583,EW_GREEN,3,3.5,8,9.0,0,0.0,0,0.0
2584,EW_GREEN,3,3.5,8,9.0,0,0.0,0,0.0
2585,EW_YELLOW,3,3.5,8,9.0,0,0.0,0,0.0
2586,EW_YELLOW,3,3.5,8,9.0,0,0.0,0,0.0
2587,EW_YELLOW,4,4.5,8,9.0,1,1.0,0,0.0
2588,EW_YELLOW,4,4.5,8,9.0,1,1.0,0,0.0
2589,NS_GREEN,5,7.0,7,8.0,2,2.0,0,0.0
2590,NS_GREEN,5,7.5,6,7.0,2,2.0,0,0.0
2591,NS_GREEN,6,8.5,5,5.5,2,2.0,0,0.0
2592,NS_GREEN,5,7.5,4,4.5,2,2.0,0,0.0
2593,NS_GREEN,4,6.5,3,3.5,2,2.0,1,1.0
2594,NS_GREEN,4,4.5,2,2.5,4,4.0,1,1.0
2595,NS_GREEN,3,3.0,2,3.0,4,4.0,1,1.0
2596,NS_GREEN,2,2.0,1,2.0,4,4.0,1,1.0
2597,NS_GREEN,2,2.5,0,0.0,4,4.0,1,1.0
2598,NS_GREEN,1,1.5,0,0.0,4,4.0,1,1.0
2599,NS_GREEN,0,0.0,0,0.0,4,4.0,1,1.0
2600,NS_GREEN,0,0.0,0,0.0,4,4.0,1,1.0
2601,NS_GREEN,0,0.0,0,0.0,4,4.0,1,1.0
2602,NS_GREEN,0,0.0,0,0.0,5,5.0,1,1.0
2603,NS_GREEN,0,0.0,0,0.0,5,5.0,2,2.5
2604,NS_GREEN,0,0.0,0,0.0,5,5.0,2,2.5
2605,NS_GREEN,3,4.0,0,0.0,5,5.0,2,2.5
2606,NS_GREEN,2,3.0,0,0.0,5,5.0,2,2.5
2607,NS_GREEN,1,1.0,0,0.0,5,5.0,2,2.5
2608,NS_GREEN,1,1.0,0,0.0,5,5.0,2,2.5
2609,NS_GREEN,0,0.0,0,0.0,5,5.0,2,2.5
2610,NS_YELLOW,0,0.0,0,0.0,5,5.0,2,2.5
2611,NS_YELLOW,0,0.0,0,0.0,5,5.0,2,2.5
2612,NS_YELLOW,0,0.0,0,0.0,5,5.0,3,3.5
2613,NS_YELLOW,0,0.0,0,0.0,5,5.0,3,3.5
2614,EW_GREEN,1,1.0,0,0.0,4,4.0,3,3.5
2615,EW_GREEN,2,2.0,0,0.0,4,4.5,3,3.5
2616,EW_GREEN,2,2.0,0,0.0,3,3.5,2,2.5
2617,EW_GREEN,2,2.0,0,0.0,2,2.5,2,2.5
2618,EW_GREEN,2,2.0,0,0.0,2,2.5,1,1.0
2619,EW_GREEN,2,2.0,0,0.0,1,1.0,0,0.0
2620,EW_GREEN,2,2.0,1,1.0,1,1.0,0,0.0
2621,EW_GREEN,2,2.0,2,2.0,0,0.0,0,0.0
2622,EW_GREEN,2,2.0,3,3.0,0,0.0,0,0.0
2623,EW_GREEN,2,2.0,5,5.0,0,0.0,0,0.0
2624,EW_GREEN,2,2.0,5,5.0,0,0.0,0,0.0
2625,EW_GREEN,2,2.0,6,7.0,0,0.0,0,0.0
2626,EW_GREEN,3,3.0,7,8.0,0,0.0,0,0.0
2627,EW_GREEN,3,3.0,7,8.0,0,0.0,0,0.0
2628,EW_GREEN,3,3.0,7,8.0,0,0.0,1,1.0
2629,EW_GREEN,3,3.0,7,8.0,0,0.0,0,0.0
2630,EW_GREEN,3,3.0,8,9.0,0,0.0,0,0.0
2631,EW_GREEN,3,3.0,8,9.0,0,0.0,0,0.0
2632,EW_GREEN,4,6.0,8,9.0,0,0.0,0,0.0
2633,EW_GREEN,4,6.0,8,9.0,0,0.0,0,0.0
2634,EW_YELLOW,4,6.0,9,10.0,0,0.0,0,0.0
2635,EW_YELLOW,4,6.0,9,10.0,0,0.0,0,0.0
2636,EW_YELLOW,4,6.0,9,10.0,1,1.0,0,0.0
2637,EW_YELLOW,4,6.0,9,10.0,1,1.0,0,0.0
2638,NS_GREEN,3,5.0,9,11.0,1,1.0,0,0.0
2639,NS_GREEN,3,5.5,8,10.0,1,1.0,1,1.0
2640,NS_GREEN,2,4.5,7,9.0,1,1.0,1,1.0
2641,NS_GREEN,1,1.5,6,8.0,1,1.0,1,1.0
2642,NS_GREEN,0,0.0,5,7.0,1,1.0,1,1.0
2643,NS_GREEN,0,0.0,4,5.0,1,1.0,1,1.0
2644,NS_GREEN,0,0.0,3,4.0,1,1.0,1,1.0
2645,NS_GREEN,0,0.0,2,3.0,1,1.0,1,1.0
2646,NS_GREEN,0,0.0,1,2.0,2,2.5,1,1.0
2647,NS_GREEN,0,0.0,1,2.0,2,2.5,2,3.0
2648,NS_GREEN,0,0.0,0,0.0,2,2.5,2,3.0
2649,NS_GREEN,0,0.0,0,0.0,2,2.5,4,5.0
2650,NS_GREEN,0,0.0,1,1.5,2,2.5,4,5.0
2651,NS_GREEN,0,0.0,0,0.0,2,2.5,4,5.0
2652,NS_GREEN,0,0.0,0,0.0,2,2.5,4,5.0
2653,NS_GREEN,0,0.0,0,0.0,2,2.5,5,6.0
2654,NS_GREEN,0,0.0,0,0.0,2,2.5,5,6.0
2655,NS_GREEN,0,0.0,0,0.0,2,2.5,5,6.0
2656,NS_GREEN,0,0.0,0,0.0,2,2.5,6,7.5
2657,NS_GREEN,0,0.0,0,0.0,2,2.5,6,7.5
2658,NS_GREEN,0,0.0,0,0.0,2,2.5,6,7.5
2659,NS_GREEN,0,0.0,0,0.0,2,2.5,6,7.5
2660,NS_GREEN,1,1.0,0,0.0,3,3.5,6,7.5
2661,NS_GREEN,1,3.0,0,0.0,3,3.5,6,7.5
2662,NS_GREEN,0,0.0,0,0.0,3,3.5,6,7.5
2663,NS_YELLOW,0,0.0,0,0.0,3,3.5,6,7.5
2664,NS_YELLOW,0,0.0,1,2.0,3,3.5,8,11.5
2665,NS_YELLOW,0,0.0,1,2.0,4,5.0,8,11.5
2666,NS_YELLOW,1,1.0,2,5.0,4,5.0,8,11.5
2667,EW_GREEN,1,1.0,3,6.0,3,4.0,7,10.5
2668,EW_GREEN,1,1.0,3,6.0,2,2.5,6,8.5
2669,EW_GREEN,2,2.0,3,6.0,1,1.5,5,7.5
2670,EW_GREEN,2,2.0,3,6.0,0,0.0,4,6.5
2671,EW_GREEN,2,2.0,3,6.0,0,0.0,4,7.0
2672,EW_GREEN,2,2.0,3,6.0,0,0.0,3,5.5
2673,EW_GREEN,2,2.0,3,6.0,0,0.0,3,5.5
2674,EW_GREEN,2,2.0,4,7.0,0,0.0,2,2.5
2675,EW_GREEN,2,2.0,5,8.5,0,0.0,2,2.5
2676,EW_GREEN,2,2.0,5,8.5,0,0.0,1,1.5
2677,EW_GREEN,3,3.0,5,8.5,0,0.0,0,0.0
2678,EW_GREEN,3,3.0,5,8.5,0,0.0,0,0.0
2679,EW_GREEN,4,4.0,5,8.5,0,0.0,0,0.0
2680,EW_GREEN,4,4.0,6,9.5,0,0.0,0,0.0
2681,EW_GREEN,4,4.0,6,9.5,0,0.0,0,0.0
2682,EW_GREEN,4,4.0,6,9.5,0,0.0,0,0.0
2683,EW_GREEN,4,4.0,6,9.5,0,0.0,0,0.0
2684,EW_GREEN,4,4.0,6,9.5,0,0.0,0,0.0
2685,EW_GREEN,4,4.0,6,9.5,0,0.0,0,0.0
2686,EW_GREEN,4,4.0,7,10.5,0,0.0,0,0.0
2687,EW_GREEN,4,4.0,7,10.5,0,0.0,0,0.0
2688,EW_GREEN,5,5.0,7,10.5,0,0.0,0,0.0
2689,EW_YELLOW,5,5.0,8,13.5,0,0.0,0,0.0
2690,EW_YELLOW,5,5.0,8,13.5,0,0.0,0,0.0
2691,EW_YELLOW,5,5.0,8,13.5,0,0.0,0,0.0
2692,EW_YELLOW,5,5.0,8,13.5,0,0.0,1,1.0
2693,NS_GREEN,4,4.0,7,11.5,0,0.0,1,1.0
2694,NS_GREEN,3,3.0,6,8.5,0,0.0,1,1.0
2695,NS_GREEN,2,2.0,5,7.5,0,0.0,1,1.0
2696,NS_GREEN,1,1.0,4,6.5,0,0.0,1,1.0
2697,NS_GREEN,0,0.0,3,5.0,0,0.0,1,1.0
2698,NS_GREEN,0,0.0,2,4.0,0,0.0,1,1.0
2699,NS_GREEN,0,0.0,1,3.0,0,0.0,1,1.0
2700,NS_GREEN,0,0.0,0,0.0,0,0.0,1,1.0
2701,NS_GREEN,0,0.0,0,0.0,0,0.0,1,1.0
2702,NS_GREEN,0,0.0,0,0.0,0,0.0,2,4.0
2703,NS_GREEN,1,1.0,0,0.0,0,0.0,2,4.0
2704,NS_GREEN,0,0.0,0,0.0,0,0.0,2,4.0
2705,NS_GREEN,0,0.0,0,0.0,0,0.0,2,4.0
2706,NS_GREEN,0,0.0,0,0.0,0,0.0,2,4.0
2707,NS_GREEN,0,0.0,0,0.0,1,1.0,3,5.0
2708,NS_GREEN,0,0.0,0,0.0,2,2.0,3,5.0
2709,NS_GREEN,0,0.0,0,0.0,2,2.0,3,5.0
2710,NS_GREEN,0,0.0,0,0.0,2,2.0,3,5.0
2711,NS_GREEN,0,0.0,0,0.0,2,2.0,3,5.0
2712,NS_GREEN,0,0.0,0,0.0,2,2.0,3,5.0
2713,NS_GREEN,0,0.0,0,0.0,3,3.0,3,5.0
2714,NS_GREEN,0,0.0,0,0.0,4,4.0,4,6.0
2715,NS_GREEN,0,0.0,0,0.0,5,5.5,4,6.0
2716,NS_YELLOW,0,0.0,0,0.0,5,5.5,4,6.0
2717,NS_YELLOW,1,1.0,0,0.0,5,5.5,4,6.0
2718,NS_YELLOW,3,3.0,0,0.0,5,5.5,4,6.0
2719,NS_YELLOW,3,3.0,0,0.0,6,6.5,5,8.0
2720,EW_GREEN,3,3.0,1,1.0,5,5.5,4,7.0
2721,EW_GREEN,3,3.0,2,2.0,4,4.5,3,4.0
2722,EW_GREEN,3,3.0,2,2.0,3,3.5,2,3.0
2723,EW_GREEN,3,3.0,2,2.0,3,4.0,1,2.0
2724,EW_GREEN,3,3.0,3,3.0,2,2.5,0,0.0
2725,EW_GREEN,3,3.0,3,3.0,1,1.5,0,0.0
2726,EW_GREEN,3,3.0,4,4.0,0,0.0,0,0.0
2727,EW_GREEN,3,3.0,4,4.0,0,0.0,0,0.0
2728,EW_GREEN,3,3.0,6,6.0,0,0.0,0,0.0
2729,EW_GREEN,3,3.0,6,6.0,0,0.0,0,0.0
2730,EW_GREEN,3,3.0,6,6.0,0,0.0,0,0.0
2731,EW_GREEN,3,3.0,7,7.0,0,0.0,0,0.0
2732,EW_GREEN,3,3.0,7,7.0,0,0.0,0,0.0
2733,EW_GREEN,4,4.5,8,8.0,0,0.0,0,0.0
2734,EW_GREEN,4,4.5,8,8.0,0,0.0,0,0.0
2735,EW_GREEN,4,4.5,8,8.0,0,0.0,0,0.0
2736,EW_GREEN,4,4.5,8,8.0,0,0.0,0,0.0
2737,EW_GREEN,4,4.5,9,9.0,0,0.0,0,0.0
2738,EW_GREEN,4,4.5,11,12.0,0,0.0,0,0.0
2739,EW_GREEN,5,5.5,11,12.0,0,0.0,0,0.0
2740,EW_YELLOW,5,5.5,11,12.0,0,0.0,0,0.0
2741,EW_YELLOW,5,5.5,12,13.0,0,0.0,0,0.0
2742,EW_YELLOW,5,5.5,12,13.0,0,0.0,0,0.0
2743,EW_YELLOW,5,5.5,12,13.0,1,1.0,0,0.0
2744,NS_GREEN,4,4.5,12,15.0,1,1.0,0,0.0
2745,NS_GREEN,3,3.5,11,14.0,1,1.0,0,0.0
2746,NS_GREEN,2,2.5,10,13.0,1,1.0,0,0.0
2747,NS_GREEN,2,2.0,9,12.0,1,1.0,0,0.0
2748,NS_GREEN,1,1.0,8,11.0,3,4.0,0,0.0
2749,NS_GREEN,0,0.0,7,10.0,4,5.0,0,0.0
2750,NS_GREEN,0,0.0,7,10.0,4,5.0,0,0.0
2751,NS_GREEN,0,0.0,7,10.0,5,6.5,0,0.0
2752,NS_GREEN,0,0.0,6,9.0,5,6.5,0,0.0
2753,NS_GREEN,0,0.0,6,8.0,5,6.5,0,0.0
2754,NS_GREEN,0,0.0,5,7.0,5,6.5,0,0.0
2755,NS_GREEN,0,0.0,5,7.0,5,6.5,0,0.0
2756,NS_GREEN,0,0.0,5,5.0,6,7.5,0,0.0
2757,NS_GREEN,0,0.0,4,4.0,7,9.0,0,0.0
2758,NS_GREEN,0,0.0,3,3.0,8,10.0,0,0.0
2759,NS_GREEN,0,0.0,3,3.0,8,10.0,0,0.0
2760,NS_GREEN,0,0.0,2,2.0,10,12.0,0,0.0
2761,NS_GREEN,0,0.0,2,2.0,10,12.0,0,0.0
2762,NS_GREEN,0,0.0,1,1.0,10,12.0,0,0.0
2763,NS_GREEN,0,0.0,0,0.0,10,12.0,2,2.0
2764,NS_YELLOW,0,0.0,0,0.0,10,12.0,2,2.0
2765,NS_YELLOW,1,1.0,0,0.0,11,13.0,2,2.0
2766,NS_YELLOW,1,1.0,0,0.0,11,13.0,2,2.0
2767,NS_YELLOW,1,1.0,0,0.0,11,13.0,2,2.0
2768,EW_GREEN,2,2.0,0,0.0,10,12.0,1,1.0
2769,EW_GREEN,3,3.0,0,0.0,10,14.0,0,0.0
2770,EW_GREEN,3,3.0,0,0.0,9,12.0,0,0.0
2771,EW_GREEN,3,3.0,0,0.0,8,11.0,0,0.0
2772,EW_GREEN,4,4.0,1,1.0,8,10.5,0,0.0
2773,EW_GREEN,4,4.0,2,2.0,7,9.5,0,0.0
2774,EW_GREEN,4,4.0,3,3.0,6,8.0,0,0.0
2775,EW_GREEN,5,5.0,3,3.0,5,7.0,0,0.0
2776,EW_GREEN,6,6.0,3,3.0,4,6.0,0,0.0
2777,EW_GREEN,6,6.0,3,3.0,3,5.0,0,0.0
2778,EW_GREEN,6,6.0,4,4.0,2,4.0,0,0.0
2779,EW_GREEN,7,7.5,4,4.0,1,1.0,0,0.0
2780,EW_GREEN,7,7.5,4,4.0,1,1.0,0,0.0
2781,EW_GREEN,7,7.5,4,4.0,0,0.0,0,0.0
2782,EW_GREEN,7,7.5,4,4.0,0,0.0,0,0.0
2783,EW_GREEN,7,7.5,7,9.0,0,0.0,0,0.0
2784,EW_GREEN,7,7.5,8,10.5,0,0.0,0,0.0
2785,EW_GREEN,7,7.5,9,11.5,0,0.0,0,0.0
2786,EW_GREEN,9,9.5,9,11.5,0,0.0,0,0.0
2787,EW_GREEN,9,9.5,10,12.5,0,0.0,0,0.0
2788,EW_YELLOW,9,9.5,10,12.5,0,0.0,0,0.0
2789,EW_YELLOW,9,9.5,10,12.5,1,2.0,0,0.0
2790,EW_YELLOW,9,9.5,10,12.5,1,2.0,0,0.0
2791,EW_YELLOW,10,10.5,10,12.5,1,2.0,0,0.0
2792,NS_GREEN,9,9.5,9,11.5,1,2.0,0,0.0
2793,NS_GREEN,8,8.5,8,10.5,1,2.0,0,0.0
2794,NS_GREEN,7,7.5,7,9.5,1,2.0,0,0.0
2795,NS_GREEN,6,6.5,7,10.0,1,2.0,0,0.0
2796,NS_GREEN,5,5.5,6,9.0,2,4.0,0,0.0
2797,NS_GREEN,4,4.5,5,8.0,2,4.0,0,0.0
2798,NS_GREEN,3,3.0,4,5.0,2,4.0,0,0.0
2799,NS_GREEN,2,2.0,3,3.5,2,4.0,0,0.0
2800,NS_GREEN,1,1.0,2,2.5,2,4.0,0,0.0
2801,NS_GREEN,0,0.0,1,1.5,2,4.0,0,0.0
2802,NS_GREEN,0,0.0,0,0.0,2,4.0,0,0.0
2803,NS_GREEN,0,0.0,0,0.0,2,4.0,0,0.0
2804,NS_GREEN,0,0.0,0,0.0,2,4.0,1,1.0
2805,NS_GREEN,0,0.0,0,0.0,2,4.0,1,1.0
2806,NS_GREEN,0,0.0,0,0.0,2,4.0,1,1.0
2807,NS_GREEN,0,0.0,0,0.0,2,4.0,1,1.0
2808,NS_GREEN,0,0.0,0,0.0,2,4.0,1,1.0
2809,NS_GREEN,0,0.0,0,0.0,2,4.0,1,1.0
2810,NS_GREEN,0,0.0,0,0.0,2,4.0,1,1.0
2811,NS_GREEN,0,0.0,0,0.0,2,4.0,1,1.0
2812,NS_GREEN,0,0.0,0,0.0,2,4.0,1,1.0
2813,NS_GREEN,0,0.0,0,0.0,2,4.0,1,1.0
2814,NS_GREEN,0,0.0,0,0.0,2,4.0,1,1.0
2815,NS_GREEN,0,0.0,0,0.0,2,4.0,1,1.0
2816,NS_GREEN,0,0.0,0,0.0,2,4.0,1,1.0
2817,NS_GREEN,0,0.0,0,0.0,2,4.0,1,1.0
2818,NS_GREEN,0,0.0,0,0.0,2,4.0,3,4.0
2819,NS_GREEN,0,0.0,0,0.0,2,4.0,3,4.0
2820,NS_GREEN,0,0.0,0,0.0,2,4.0,3,4.0
2821,NS_YELLOW,0,0.0,0,0.0,4,7.0,3,4.0
2822,NS_YELLOW,0,0.0,1,1.0,4,7.0,3,4.0
2823,NS_YELLOW,0,0.0,1,1.0,4,7.0,3,4.0
2824,NS_YELLOW,0,0.0,1,1.0,5,8.0,3,4.0
2825,EW_GREEN,0,0.0,1,1.0,4,6.0,2,3.0
2826,EW_GREEN,0,0.0,1,1.0,3,4.0,1,1.5
2827,EW_GREEN,0,0.0,1,1.0,2,3.0,0,0.0
2828,EW_GREEN,0,0.0,2,2.0,1,1.0,0,0.0
2829,EW_GREEN,0,0.0,2,2.0,0,0.0,0,0.0
2830,EW_GREEN,1,1.0,2,2.0,0,0.0,0,0.0
2831,EW_GREEN,1,1.0,2,2.0,0,0.0,0,0.0
2832,EW_GREEN,1,1.0,2,2.0,0,0.0,0,0.0
2833,EW_GREEN,1,1.0,2,2.0,0,0.0,0,0.0
2834,EW_GREEN,1,1.0,2,2.0,0,0.0,0,0.0
2835,EW_GREEN,2,2.5,2,2.0,0,0.0,0,0.0
2836,EW_GREEN,2,2.5,3,5.0,0,0.0,0,0.0
2837,EW_GREEN,2,2.5,3,5.0,0,0.0,0,0.0
2838,EW_GREEN,2,2.5,5,7.5,0,0.0,0,0.0
2839,EW_GREEN,3,3.5,6,8.5,0,0.0,0,0.0
2840,EW_GREEN,3,3.5,6,8.5,0,0.0,0,0.0
2841,EW_GREEN,5,6.0,6,8.5,0,0.0,0,0.0
2842,EW_GREEN,5,6.0,6,8.5,0,0.0,0,0.0
2843,EW_GREEN,5,6.0,6,8.5,0,0.0,0,0.0
2844,EW_GREEN,5,6.0,6,8.5,0,0.0,0,0.0
2845,EW_YELLOW,5,6.0,6,8.5,0,0.0,0,0.0
2846,EW_YELLOW,6,7.0,6,8.5,1,1.0,0,0.0
2847,EW_YELLOW,6,7.0,7,9.5,1,1.0,0,0.0
2848,EW_YELLOW,6,7.0,7,9.5,1,1.0,0,0.0
2849,NS_GREEN,5,6.0,7,9.5,1,1.0,0,0.0
2850,NS_GREEN,4,4.5,6,8.5,1,1.0,1,1.5
2851,NS_GREEN,3,3.5,5,5.5,1,1.0,1,1.5
2852,NS_GREEN,2,2.5,4,4.0,2,2.5,1,1.5
2853,NS_GREEN,1,1.0,3,3.0,3,3.5,1,1.5
2854,NS_GREEN,0,0.0,2,2.0,4,4.5,1,1.5
2855,NS_GREEN,0,0.0,1,1.0,4,4.5,1,1.5
2856,NS_GREEN,0,0.0,0,0.0,4,4.5,1,1.5
2857,NS_GREEN,0,0.0,0,0.0,4,4.5,1,1.5
2858,NS_GREEN,0,0.0,0,0.0,4,4.5,1,1.5
2859,NS_GREEN,0,0.0,0,0.0,4,4.5,1,1.5
2860,NS_GREEN,0,0.0,1,3.0,4,4.5,2,2.5
2861,NS_GREEN,0,0.0,0,0.0,4,4.5,2,2.5
2862,NS_GREEN,0,0.0,0,0.0,4,4.5,2,2.5
2863,NS_GREEN,1,1.0,0,0.0,4,4.5,3,3.5
2864,NS_GREEN,0,0.0,0,0.0,4,4.5,4,5.0
2865,NS_GREEN,0,0.0,0,0.0,4,4.5,4,5.0
2866,NS_GREEN,0,0.0,0,0.0,4,4.5,4,5.0
2867,NS_GREEN,0,0.0,0,0.0,4,4.5,4,5.0
2868,NS_GREEN,0,0.0,0,0.0,4,4.5,4,5.0
2869,NS_GREEN,0,0.0,0,0.0,4,4.5,4,5.0
2870,NS_GREEN,0,0.0,0,0.0,4,4.5,4,5.0
2871,NS_YELLOW,0,0.0,0,0.0,5,5.5,4,5.0
2872,NS_YELLOW,1,2.0,0,0.0,6,7.0,4,5.0
2873,NS_YELLOW,1,2.0,0,0.0,7,8.0,4,5.0
2874,NS_YELLOW,1,2.0,1,1.0,7,8.0,4,5.0
2875,EW_GREEN,2,3.5,1,1.0,6,7.0,3,3.5
2876,EW_GREEN,2,3.5,2,2.0,5,5.5,2,2.5
2877,EW_GREEN,2,3.5,2,2.0,4,4.5,1,1.5
2878,EW_GREEN,3,4.5,2,2.0,3,3.5,0,0.0
2879,EW_GREEN,4,5.5,2,2.0,2,2.5,0,0.0
2880,EW_GREEN,4,5.5,4,4.0,1,1.0,0,0.0
2881,EW_GREEN,5,6.5,4,4.0,0,0.0,0,0.0
2882,EW_GREEN,5,6.5,4,4.0,0,0.0,0,0.0
2883,EW_GREEN,5,6.5,4,4.0,0,0.0,0,0.0
2884,EW_GREEN,5,6.5,4,4.0,0,0.0,0,0.0
2885,EW_GREEN,6,7.5,5,5.0,0,0.0,0,0.0
2886,EW_GREEN,6,7.5,5,5.0,0,0.0,0,0.0
2887,EW_GREEN,7,9.0,5,5.0,0,0.0,0,0.0
2888,EW_GREEN,7,9.0,5,5.0,0,0.0,0,0.0
2889,EW_GREEN,7,9.0,5,5.0,0,0.0,0,0.0
2890,EW_GREEN,7,9.0,5,5.0,0,0.0,0,0.0
2891,EW_GREEN,7,9.0,5,5.0,0,0.0,0,0.0
2892,EW_GREEN,7,9.0,5,5.0,0,0.0,0,0.0
2893,EW_GREEN,7,9.0,6,7.0,0,0.0,0,0.0
2894,EW_GREEN,7,9.0,7,9.0,0,0.0,0,0.0
2895,EW_GREEN,7,9.0,9,11.0,0,0.0,0,0.0
2896,EW_YELLOW,8,10.0,9,11.0,0,0.0,0,0.0
2897,EW_YELLOW,8,10.0,9,11.0,0,0.0,0,0.0
2898,EW_YELLOW,8,10.0,9,11.0,0,0.0,0,0.0
2899,EW_YELLOW,8,10.0,9,11.0,0,0.0,0,0.0
2900,NS_GREEN,7,8.0,8,10.0,1,1.5,1,1.0
2901,NS_GREEN,6,6.5,7,9.0,2,2.5,1,1.0
2902,NS_GREEN,5,5.5,6,8.0,2,2.5,1,1.0
2903,NS_GREEN,4,4.5,6,8.5,2,2.5,1,1.0
2904,NS_GREEN,3,3.5,5,7.5,2,2.5,1,1.0
2905,NS_GREEN,2,2.5,4,5.5,2,2.5,1,1.0
2906,NS_GREEN,1,1.0,3,3.5,2,2.5,1,1.0
2907,NS_GREEN,1,1.5,2,2.5,2,2.5,1,1.0
2908,NS_GREEN,0,0.0,1,1.5,2,2.5,1,1.0
2909,NS_GREEN,0,0.0,0,0.0,2,2.5,1,1.0
2910,NS_GREEN,0,0.0,0,0.0,3,5.5,1,1.0
2911,NS_GREEN,0,0.0,0,0.0,3,5.5,1,1.0
2912,NS_GREEN,0,0.0,0,0.0,3,5.5,1,1.0
2913,NS_GREEN,0,0.0,0,0.0,3,5.5,1,1.0
2914,NS_GREEN,0,0.0,0,0.0,3,5.5,1,1.0
2915,NS_GREEN,1,1.5,0,0.0,3,5.5,1,1.0
2916,NS_GREEN,0,0.0,0,0.0,3,5.5,1,1.0
2917,NS_GREEN,0,0.0,0,0.0,4,6.5,1,1.0
2918,NS_GREEN,0,0.0,0,0.0,4,6.5,1,1.0
2919,NS_GREEN,0,0.0,0,0.0,4,6.5,1,1.0
2920,NS_GREEN,0,0.0,0,0.0,4,6.5,1,1.0
2921,NS_GREEN,1,1.0,0,0.0,4,6.5,1,1.0
2922,NS_GREEN,0,0.0,0,0.0,4,6.5,1,1.0
2923,NS_GREEN,0,0.0,0,0.0,4,6.5,1,1.0
2924,NS_GREEN,0,0.0,0,0.0,4,6.5,1,1.0
2925,NS_GREEN,0,0.0,0,0.0,4,6.5,1,1.0
2926,NS_GREEN,0,0.0,0,0.0,4,6.5,1,1.0
2927,NS_GREEN,0,0.0,0,0.0,4,6.5,1,1.0
2928,NS_GREEN,0,0.0,0,0.0,4,6.5,1,1.0
2929,NS_YELLOW,0,0.0,0,0.0,4,6.5,2,4.0
2930,NS_YELLOW,0,0.0,1,1.0,5,7.5,2,4.0
2931,NS_YELLOW,0,0.0,1,1.0,5,7.5,3,5.0
2932,NS_YELLOW,0,0.0,1,1.0,6,8.5,3,5.0
2933,EW_GREEN,0,0.0,1,1.0,5,7.0,2,4.0
2934,EW_GREEN,0,0.0,1,1.0,5,7.0,1,1.0
2935,EW_GREEN,0,0.0,1,1.0,4,4.0,2,2.0
2936,EW_GREEN,0,0.0,3,3.0,3,3.0,1,1.0
2937,EW_GREEN,0,0.0,3,3.0,2,2.0,0,0.0
2938,EW_GREEN,0,0.0,3,3.0,1,1.0,0,0.0
2939,EW_GREEN,0,0.0,3,3.0,0,0.0,0,0.0
2940,EW_GREEN,0,0.0,3,3.0,0,0.0,0,0.0
2941,EW_GREEN,0,0.0,4,4.0,0,0.0,0,0.0
2942,EW_GREEN,0,0.0,4,4.0,0,0.0,0,0.0
2943,EW_GREEN,0,0.0,5,5.0,0,0.0,0,0.0
2944,EW_GREEN,1,1.5,5,5.0,0,0.0,0,0.0
2945,EW_GREEN,1,1.5,6,6.0,0,0.0,0,0.0
2946,EW_GREEN,1,1.5,8,8.0,0,0.0,0,0.0
2947,EW_GREEN,1,1.5,8,8.0,0,0.0,0,0.0
2948,EW_GREEN,1,1.5,8,8.0,0,0.0,0,0.0
2949,EW_GREEN,1,1.5,8,8.0,0,0.0,0,0.0
2950,EW_GREEN,1,1.5,8,8.0,0,0.0,0,0.0
2951,EW_GREEN,1,1.5,9,9.0,0,0.0,0,0.0
2952,EW_GREEN,1,1.5,9,9.0,0,0.0,0,0.0
2953,EW_GREEN,1,1.5,9,9.0,0,0.0,0,0.0
2954,EW_YELLOW,1,1.5,9,9.0,0,0.0,0,0.0
2955,EW_YELLOW,2,2.5,9,9.0,0,0.0,0,0.0
2956,EW_YELLOW,2,2.5,11,13.0,0,0.0,0,0.0
2957,EW_YELLOW,2,2.5,11,13.0,0,0.0,0,0.0
2958,NS_GREEN,1,1.0,10,12.0,0,0.0,0,0.0
2959,NS_GREEN,1,2.0,9,11.0,0,0.0,0,0.0
2960,NS_GREEN,2,2.0,9,11.0,0,0.0,0,0.0
2961,NS_GREEN,1,1.0,9,11.0,0,0.0,0,0.0
2962,NS_GREEN,0,0.0,8,10.0,0,0.0,0,0.0
2963,NS_GREEN,0,0.0,7,9.0,1,1.0,0,0.0
2964,NS_GREEN,0,0.0,6,8.0,1,1.0,0,0.0
2965,NS_GREEN,1,1.0,5,7.0,1,1.0,0,0.0
2966,NS_GREEN,1,1.0,4,6.0,1,1.0,1,2.0
2967,NS_GREEN,0,0.0,3,3.0,1,1.0,1,2.0
2968,NS_GREEN,0,0.0,2,2.0,1,1.0,1,2.0
2969,NS_GREEN,0,0.0,2,2.0,1,1.0,1,2.0
2970,NS_GREEN,0,0.0,2,2.0,1,1.0,1,2.0
2971,NS_GREEN,0,0.0,2,2.0,1,1.0,1,2.0
2972,NS_GREEN,0,0.0,1,1.0,1,1.0,1,2.0
2973,NS_GREEN,0,0.0,0,0.0,1,1.0,1,2.0
2974,NS_GREEN,0,0.0,0,0.0,1,1.0,1,2.0
2975,NS_GREEN,0,0.0,0,0.0,1,1.0,1,2.0
2976,NS_GREEN,0,0.0,0,0.0,1,1.0,1,2.0
2977,NS_GREEN,0,0.0,0,0.0,1,1.0,1,2.0
2978,NS_GREEN,0,0.0,0,0.0,1,1.0,1,2.0
2979,NS_GREEN,0,0.0,0,0.0,1,1.0,1,2.0
2980,NS_GREEN,0,0.0,0,0.0,1,1.0,1,2.0
2981,NS_GREEN,0,0.0,0,0.0,1,1.0,1,2.0
2982,NS_GREEN,0,0.0,0,0.0,1,1.0,1,2.0
2983,NS_GREEN,0,0.0,0,0.0,1,1.0,1,2.0
2984,NS_GREEN,0,0.0,0,0.0,1,1.0,1,2.0
2985,NS_GREEN,0,0.0,0,0.0,1,1.0,2,3.0
2986,NS_GREEN,0,0.0,0,0.0,1,1.0,2,3.0
2987,NS_GREEN,0,0.0,0,0.0,1,1.0,2,3.0
2988,NS_GREEN,0,0.0,0,0.0,1,1.0,2,3.0
2989,NS_GREEN,0,0.0,0,0.0,1,1.0,2,3.0
2990,NS_GREEN,0,0.0,0,0.0,1,1.0,2,3.0
2991,NS_GREEN,0,0.0,0,0.0,1,1.0,3,6.0
2992,NS_GREEN,0,0.0,0,0.0,1,1.0,3,6.0
2993,NS_GREEN,0,0.0,0,0.0,1,1.0,3,6.0
2994,NS_GREEN,1,1.0,0,0.0,1,1.0,4,7.0
2995,NS_GREEN,1,2.0,0,0.0,1,1.0,4,7.0
2996,NS_GREEN,0,0.0,0,0.0,1,1.0,4,7.0
2997,NS_GREEN,0,0.0,0,0.0,1,1.0,4,7.0
2998,NS_GREEN,0,0.0,0,0.0,1,1.0,4,7.0
2999,NS_GREEN,0,0.0,0,0.0,1,1.0,4,7.0
3000,NS_GREEN,0,0.0,0,0.0,1,1.0,4,7.0
3001,NS_YELLOW,0,0.0,0,0.0,1,1.0,5,8.0
3002,NS_YELLOW,0,0.0,0,0.0,1,1.0,5,8.0
3003,NS_YELLOW,0,0.0,0,0.0,2,2.0,5,8.0
3004,NS_YELLOW,1,1.0,0,0.0,3,3.0,5,8.0
3005,EW_GREEN,1,1.0,0,0.0,2,2.0,4,6.0
3006,EW_GREEN,1,1.0,0,0.0,1,1.0,3,5.0
3007,EW_GREEN,2,2.0,0,0.0,0,0.0,2,2.0
3008,EW_GREEN,2,2.0,1,1.0,0,0.0,1,1.0
3009,EW_GREEN,2,2.0,3,3.0,0,0.0,0,0.0
3010,EW_GREEN,3,3.0,4,4.0,0,0.0,0,0.0
3011,EW_GREEN,3,3.0,4,4.0,0,0.0,0,0.0
3012,EW_GREEN,3,3.0,4,4.0,0,0.0,0,0.0
3013,EW_GREEN,3,3.0,5,5.0,0,0.0,0,0.0
3014,EW_GREEN,3,3.0,5,5.0,0,0.0,0,0.0
3015,EW_GREEN,3,3.0,5,5.0,0,0.0,0,0.0
3016,EW_GREEN,4,4.0,5,5.0,0,0.0,0,0.0
3017,EW_GREEN,4,4.0,5,5.0,0,0.0,0,0.0
3018,EW_GREEN,5,5.0,5,5.0,0,0.0,0,0.0
3019,EW_GREEN,5,5.0,5,5.0,0,0.0,0,0.0
3020,EW_GREEN,5,5.0,5,5.0,0,0.0,0,0.0
3021,EW_GREEN,5,5.0,5,5.0,0,0.0,0,0.0
3022,EW_GREEN,5,5.0,5,5.0,0,0.0,0,0.0
3023,EW_GREEN,5,5.0,5,5.0,0,0.0,0,0.0
3024,EW_GREEN,5,5.0,5,5.0,0,0.0,0,0.0
3025,EW_YELLOW,5,5.0,5,5.0,0,0.0,0,0.0
3026,EW_YELLOW,5,5.0,5,5.0,0,0.0,0,0.0
3027,EW_YELLOW,5,5.0,5,5.0,0,0.0,0,0.0
3028,EW_YELLOW,6,6.0,5,5.0,0,0.0,0,0.0
3029,NS_GREEN,5,5.0,5,5.0,0,0.0,0,0.0
3030,NS_GREEN,4,4.0,4,4.0,1,1.0,0,0.0
3031,NS_GREEN,3,3.0,3,3.0,1,1.0,0,0.0
3032,NS_GREEN,2,2.0,2,2.0,1,1.0,2,2.0
3033,NS_GREEN,2,2.0,1,1.0,3,3.0,2,2.0
3034,NS_GREEN,1,1.0,0,0.0,3,3.0,2,2.0
3035,NS_GREEN,0,0.0,0,0.0,3,3.0,2,2.0
3036,NS_GREEN,0,0.0,0,0.0,3,3.0,2,2.0
3037,NS_GREEN,0,0.0,0,0.0,3,3.0,2,2.0
3038,NS_GREEN,0,0.0,0,0.0,3,3.0,2,2.0
3039,NS_GREEN,0,0.0,0,0.0,3,3.0,2,2.0
3040,NS_GREEN,0,0.0,0,0.0,3,3.0,3,3.0
3041,NS_GREEN,0,0.0,0,0.0,3,3.0,3,3.0
3042,NS_GREEN,0,0.0,0,0.0,3,3.0,3,3.0
3043,NS_GREEN,0,0.0,0,0.0,4,4.0,3,3.0
3044,NS_GREEN,0,0.0,0,0.0,4,4.0,3,3.0
3045,NS_GREEN,0,0.0,0,0.0,4,4.0,4,4.5
3046,NS_GREEN,0,0.0,0,0.0,4,4.0,4,4.5
3047,NS_GREEN,0,0.0,0,0.0,4,4.0,4,4.5
3048,NS_GREEN,0,0.0,1,1.0,4,4.0,4,4.5
3049,NS_GREEN,0,0.0,0,0.0,4,4.0,4,4.5
3050,NS_YELLOW,0,0.0,0,0.0,4,4.0,4,4.5
3051,NS_YELLOW,0,0.0,0,0.0,4,4.0,4,4.5
3052,NS_YELLOW,0,0.0,1,1.0,4,4.0,4,4.5
3053,NS_YELLOW,0,0.0,2,2.5,4,4.0,5,5.5
3054,EW_GREEN,0,0.0,2,2.5,3,3.0,4,4.5
3055,EW_GREEN,1,1.0,2,2.5,2,2.0,3,3.5
3056,EW_GREEN,2,2.0,2,2.5,2,2.5,2,2.5
3057,EW_GREEN,2,2.0,2,2.5,1,1.5,3,3.0
3058,EW_GREEN,2,2.0,3,3.5,1,1.0,2,2.0
3059,EW_GREEN,3,3.0,4,5.0,0,0.0,1,1.0
3060,EW_GREEN,3,3.0,4,5.0,0,0.0,0,0.0
3061,EW_GREEN,3,3.0,4,5.0,0,0.0,0,0.0
3062,EW_GREEN,3,3.0,4,5.0,0,0.0,0,0.0
3063,EW_GREEN,3,3.0,4,5.0,0,0.0,0,0.0
3064,EW_GREEN,3,3.0,4,5.0,0,0.0,0,0.0
3065,EW_GREEN,3,3.0,5,6.0,0,0.0,0,0.0
3066,EW_GREEN,3,3.0,6,7.0,0,0.0,0,0.0
3067,EW_GREEN,3,3.0,6,7.0,0,0.0,0,0.0
3068,EW_GREEN,3,3.0,7,8.0,0,0.0,0,0.0
3069,EW_GREEN,3,3.0,7,8.0,0,0.0,0,0.0
3070,EW_GREEN,3,3.0,7,8.0,0,0.0,0,0.0
3071,EW_GREEN,3,3.0,7,8.0,0,0.0,0,0.0
3072,EW_GREEN,3,3.0,7,8.0,0,0.0,0,0.0
3073,EW_GREEN,4,4.0,8,9.5,0,0.0,0,0.0
3074,EW_YELLOW,4,4.0,8,9.5,0,0.0,0,0.0
3075,EW_YELLOW,4,4.0,8,9.5,1,1.0,0,0.0
3076,EW_YELLOW,4,4.0,9,10.5,1,1.0,0,0.0
3077,EW_YELLOW,4,4.0,9,10.5,1,1.0,0,0.0
3078,NS_GREEN,3,3.0,8,9.5,1,1.0,0,0.0
3079,NS_GREEN,2,2.0,7,8.0,1,1.0,0,0.0
3080,NS_GREEN,1,1.0,6,7.0,1,1.0,0,0.0
3081,NS_GREEN,0,0.0,5,5.5,1,1.0,0,0.0
3082,NS_GREEN,0,0.0,5,6.5,1,1.0,0,0.0
3083,NS_GREEN,0,0.0,4,5.5,1,1.0,0,0.0
3084,NS_GREEN,0,0.0,3,4.5,1,1.0,1,1.0
3085,NS_GREEN,0,0.0,2,3.0,1,1.0,1,1.0
3086,NS_GREEN,0,0.0,1,2.0,1,1.0,2,2.0
3087,NS_GREEN,0,0.0,0,0.0,2,3.0,2,2.0
3088,NS_GREEN,0,0.0,0,0.0,3,4.0,2,2.0
3089,NS_GREEN,0,0.0,0,0.0,3,4.0,2,2.0
3090,NS_GREEN,0,0.0,0,0.0,4,5.0,2,2.0
3091,NS_GREEN,0,0.0,0,0.0,4,5.0,3,3.0
3092,NS_GREEN,0,0.0,0,0.0,4,5.0,3,3.0
3093,NS_GREEN,0,0.0,0,0.0,4,5.0,3,3.0
3094,NS_GREEN,0,0.0,0,0.0,4,5.0,3,3.0
3095,NS_GREEN,0,0.0,0,0.0,4,5.0,3,3.0
3096,NS_GREEN,0,0.0,0,0.0,4,5.0,3,3.0
3097,NS_GREEN,0,0.0,0,0.0,5,6.5,3,3.0
3098,NS_GREEN,0,0.0,0,0.0,5,6.5,3,3.0
3099,NS_YELLOW,0,0.0,0,0.0,5,6.5,3,3.0
3100,NS_YELLOW,1,1.0,0,0.0,5,6.5,4,5.0
3101,NS_YELLOW,1,1.0,0,0.0,5,6.5,4,5.0
3102,NS_YELLOW,1,1.0,0,0.0,5,6.5,4,5.0
3103,EW_GREEN,1,1.0,0,0.0,6,7.5,3,4.0
3104,EW_GREEN,1,1.0,0,0.0,5,5.5,2,3.0
3105,EW_GREEN,1,1.0,0,0.0,4,4.5,1,2.0
3106,EW_GREEN,1,1.0,0,0.0,4,4.5,0,0.0
3107,EW_GREEN,1,1.0,0,0.0,4,4.0,0,0.0
3108,EW_GREEN,2,2.0,0,0.0,3,3.0,0,0.0
3109,EW_GREEN,2,2.0,0,0.0,3,4.0,0,0.0
3110,EW_GREEN,2,2.0,1,1.5,2,3.0,0,0.0
3111,EW_GREEN,2,2.0,1,1.5,1,2.0,0,0.0
3112,EW_GREEN,2,2.0,2,2.5,0,0.0,0,0.0
3113,EW_GREEN,3,3.0,2,2.5,0,0.0,0,0.0
3114,EW_GREEN,3,3.0,3,5.5,0,0.0,0,0.0
3115,EW_GREEN,3,3.0,4,6.5,0,0.0,0,0.0
3116,EW_GREEN,3,3.0,4,6.5,0,0.0,0,0.0
3117,EW_GREEN,4,4.0,4,6.5,0,0.0,0,0.0
3118,EW_GREEN,5,5.0,4,6.5,0,0.0,0,0.0
3119,EW_GREEN,5,5.0,4,6.5,0,0.0,0,0.0
3120,EW_GREEN,5,5.0,4,6.5,0,0.0,0,0.0
3121,EW_GREEN,5,5.0,4,6.5,0,0.0,0,0.0
3122,EW_GREEN,5,5.0,5,7.5,0,0.0,0,0.0
3123,EW_YELLOW,5,5.0,5,7.5,0,0.0,0,0.0
3124,EW_YELLOW,5,5.0,5,7.5,0,0.0,0,0.0
3125,EW_YELLOW,5,5.0,6,9.5,0,0.0,0,0.0
3126,EW_YELLOW,6,6.0,6,9.5,1,1.5,0,0.0
3127,NS_GREEN,5,5.0,5,8.0,1,1.5,0,0.0
3128,NS_GREEN,4,4.0,4,7.0,1,1.5,0,0.0
3129,NS_GREEN,3,3.0,3,4.0,1,1.5,0,0.0
3130,NS_GREEN,2,2.0,4,5.0,1,1.5,1,1.0
3131,NS_GREEN,1,1.0,5,6.5,1,1.5,1,1.0
3132,NS_GREEN,0,0.0,5,5.5,1,1.5,1,1.0
3133,NS_GREEN,0,0.0,5,7.5,1,1.5,1,1.0
3134,NS_GREEN,0,0.0,4,6.5,1,1.5,2,2.0
3135,NS_GREEN,0,0.0,4,6.5,2,2.5,2,2.0
3136,NS_GREEN,0,0.0,3,5.0,2,2.5,2,2.0
3137,NS_GREEN,0,0.0,2,4.0,2,2.5,2,2.0
3138,NS_GREEN,0,0.0,1,1.0,2,2.5,3,3.0
3139,NS_GREEN,0,0.0,0,0.0,2,2.5,3,3.0
3140,NS_GREEN,0,0.0,0,0.0,2,2.5,3,3.0
3141,NS_GREEN,0,0.0,0,0.0,2,2.5,3,3.0
3142,NS_GREEN,0,0.0,0,0.0,2,2.5,4,5.0
3143,NS_GREEN,0,0.0,0,0.0,2,2.5,4,5.0
3144,NS_GREEN,0,0.0,0,0.0,2,2.5,4,5.0
3145,NS_GREEN,0,0.0,0,0.0,2,2.5,4,5.0
3146,NS_GREEN,0,0.0,0,0.0,2,2.5,4,5.0
3147,NS_YELLOW,0,0.0,0,0.0,2,2.5,4,5.0
3148,NS_YELLOW,0,0.0,0,0.0,2,2.5,4,5.0
3149,NS_YELLOW,0,0.0,0,0.0,3,3.5,4,5.0
3150,NS_YELLOW,0,0.0,0,0.0,3,3.5,4,5.0
3151,EW_GREEN,0,0.0,0,0.0,2,2.0,3,4.0
3152,EW_GREEN,0,0.0,0,0.0,1,1.0,2,3.0
3153,EW_GREEN,2,2.0,0,0.0,1,1.0,1,2.0
3154,EW_GREEN,2,2.0,0,0.0,0,0.0,0,0.0
3155,EW_GREEN,2,2.0,0,0.0,0,0.0,0,0.0
3156,EW_GREEN,2,2.0,0,0.0,0,0.0,1,1.0
3157,EW_GREEN,2,2.0,2,2.0,0,0.0,0,0.0
3158,EW_GREEN,2,2.0,2,2.0,0,0.0,0,0.0
3159,EW_GREEN,2,2.0,2,2.0,0,0.0,0,0.0
3160,EW_GREEN,2,2.0,2,2.0,0,0.0,0,0.0
3161,EW_GREEN,2,2.0,2,2.0,0,0.0,0,0.0
3162,EW_GREEN,3,4.0,2,2.0,0,0.0,0,0.0
3163,EW_GREEN,3,4.0,2,2.0,0,0.0,0,0.0
3164,EW_GREEN,3,4.0,3,3.0,0,0.0,0,0.0
3165,EW_GREEN,3,4.0,3,3.0,0,0.0,0,0.0
3166,EW_GREEN,4,5.0,3,3.0,0,0.0,0,0.0
3167,EW_GREEN,5,6.0,3,3.0,0,0.0,0,0.0
3168,EW_GREEN,5,6.0,3,3.0,0,0.0,0,0.0
3169,EW_GREEN,5,6.0,3,3.0,0,0.0,0,0.0
3170,EW_GREEN,5,6.0,3,3.0,0,0.0,0,0.0
3171,EW_YELLOW,5,6.0,3,3.0,0,0.0,0,0.0
3172,EW_YELLOW,5,6.0,4,4.0,0,0.0,0,0.0
3173,EW_YELLOW,5,6.0,4,4.0,1,2.0,1,1.0
3174,EW_YELLOW,5,6.0,4,4.0,1,2.0,2,2.0
3175,NS_GREEN,4,5.0,3,3.0,1,2.0,2,2.0
3176,NS_GREEN,3,4.0,2,2.0,1,2.0,2,2.0
3177,NS_GREEN,2,2.0,1,1.0,1,2.0,2,2.0
3178,NS_GREEN,1,1.0,0,0.0,1,2.0,2,2.0
3179,NS_GREEN,0,0.0,0,0.0,1,2.0,2,2.0
3180,NS_GREEN,0,0.0,0,0.0,1,2.0,2,2.0
3181,NS_GREEN,1,1.0,0,0.0,2,3.0,2,2.0
3182,NS_GREEN,0,0.0,0,0.0,2,3.0,2,2.0
3183,NS_GREEN,1,1.0,0,0.0,2,3.0,3,3.5
3184,NS_GREEN,0,0.0,0,0.0,2,3.0,3,3.5
3185,NS_GREEN,0,0.0,0,0.0,2,3.0,3,3.5
3186,NS_GREEN,0,0.0,0,0.0,2,3.0,4,4.5
3187,NS_GREEN,0,0.0,0,0.0,2,3.0,4,4.5
3188,NS_GREEN,0,0.0,0,0.0,2,3.0,5,5.5
3189,NS_GREEN,0,0.0,0,0.0,2,3.0,5,5.5
3190,NS_GREEN,0,0.0,0,0.0,2,3.0,5,5.5
3191,NS_GREEN,0,0.0,0,0.0,2,3.0,6,6.5
3192,NS_GREEN,0,0.0,0,0.0,2,3.0,6,6.5
3193,NS_GREEN,0,0.0,0,0.0,2,3.0,6,6.5
3194,NS_GREEN,0,0.0,1,2.0,2,3.0,6,6.5
3195,NS_GREEN,0,0.0,0,0.0,3,6.0,6,6.5
3196,NS_YELLOW,0,0.0,0,0.0,3,6.0,6,6.5
3197,NS_YELLOW,1,1.0,0,0.0,3,6.0,6,6.5
3198,NS_YELLOW,1,1.0,1,1.5,4,7.0,6,6.5
3199,NS_YELLOW,1,1.0,1,1.5,5,8.0,6,6.5
3200,EW_GREEN,1,1.0,1,1.5,5,7.0,5,5.5
3201,EW_GREEN,1,1.0,1,1.5,5,7.0,4,4.5
3202,EW_GREEN,1,1.0,1,1.5,5,5.0,4,4.0
3203,EW_GREEN,1,1.0,1,1.5,4,4.0,3,3.0
3204,EW_GREEN,1,1.0,1,1.5,3,3.0,2,2.0
3205,EW_GREEN,1,1.0,1,1.5,2,2.0,1,1.0
3206,EW_GREEN,1,1.0,1,1.5,1,1.0,0,0.0
3207,EW_GREEN,1,1.0,1,1.5,0,0.0,0,0.0
3208,EW_GREEN,1,1.0,1,1.5,0,0.0,0,0.0
3209,EW_GREEN,1,1.0,2,3.5,0,0.0,0,0.0
3210,EW_GREEN,2,2.0,3,4.5,0,0.0,0,0.0
3211,EW_GREEN,2,2.0,3,4.5,0,0.0,0,0.0
3212,EW_GREEN,3,3.0,4,5.5,0,0.0,0,0.0
3213,EW_GREEN,3,3.0,4,5.5,0,0.0,0,0.0
3214,EW_GREEN,4,4.0,4,5.5,0,0.0,0,0.0
3215,EW_GREEN,4,4.0,4,5.5,0,0.0,0,0.0
3216,EW_GREEN,4,4.0,5,6.5,0,0.0,0,0.0
3217,EW_GREEN,4,4.0,5,6.5,0,0.0,0,0.0
3218,EW_GREEN,4,4.0,5,6.5,0,0.0,0,0.0
3219,EW_GREEN,4,4.0,6,7.5,0,0.0,0,0.0
3220,EW_YELLOW,4,4.0,6,7.5,0,0.0,0,0.0
3221,EW_YELLOW,4,4.0,6,7.5,0,0.0,1,3.0
3222,EW_YELLOW,4,4.0,6,7.5,0,0.0,1,3.0
3223,EW_YELLOW,4,4.0,6,7.5,1,2.0,1,3.0
3224,NS_GREEN,4,4.0,5,6.0,1,2.0,1,3.0
3225,NS_GREEN,5,5.0,4,4.0,1,2.0,1,3.0
3226,NS_GREEN,5,5.0,3,3.0,1,2.0,1,3.0
3227,NS_GREEN,4,4.0,3,4.0,1,2.0,1,3.0
3228,NS_GREEN,4,4.0,2,3.0,1,2.0,1,3.0
3229,NS_GREEN,3,3.0,2,3.0,1,2.0,2,4.0
3230,NS_GREEN,2,2.0,1,1.0,1,2.0,2,4.0
3231,NS_GREEN,1,1.0,0,0.0,1,2.0,2,4.0
3232,NS_GREEN,0,0.0,0,0.0,1,2.0,2,4.0
3233,NS_GREEN,0,0.0,0,0.0,1,2.0,2,4.0
3234,NS_GREEN,0,0.0,0,0.0,1,2.0,2,4.0
3235,NS_GREEN,0,0.0,0,0.0,1,2.0,2,4.0
3236,NS_GREEN,0,0.0,0,0.0,1,2.0,2,4.0
3237,NS_GREEN,0,0.0,0,0.0,1,2.0,2,4.0
3238,NS_GREEN,0,0.0,0,0.0,1,2.0,2,4.0
3239,NS_GREEN,0,0.0,0,0.0,1,2.0,2,4.0
3240,NS_GREEN,0,0.0,0,0.0,1,2.0,2,4.0
3241,NS_GREEN,0,0.0,0,0.0,2,3.0,2,4.0
3242,NS_GREEN,0,0.0,0,0.0,2,3.0,2,4.0
3243,NS_GREEN,0,0.0,0,0.0,3,4.0,2,4.0
3244,NS_GREEN,0,0.0,0,0.0,3,4.0,2,4.0
3245,NS_GREEN,0,0.0,0,0.0,3,4.0,2,4.0
3246,NS_GREEN,0,0.0,0,0.0,3,4.0,2,4.0
3247,NS_YELLOW,0,0.0,0,0.0,3,4.0,3,5.0
3248,NS_YELLOW,0,0.0,0,0.0,3,4.0,3,5.0
3249,NS_YELLOW,0,0.0,1,2.0,3,4.0,3,5.0
3250,NS_YELLOW,1,3.0,1,2.0,3,4.0,3,5.0
3251,EW_GREEN,2,5.0,1,2.0,2,2.0,3,4.0
3252,EW_GREEN,3,6.0,1,2.0,1,1.0,2,3.0
3253,EW_GREEN,3,6.0,1,2.0,0,0.0,1,2.0
3254,EW_GREEN,3,6.0,1,2.0,0,0.0,2,2.5
3255,EW_GREEN,3,6.0,2,4.0,0,0.0,1,1.0
3256,EW_GREEN,3,6.0,2,4.0,0,0.0,1,1.0
3257,EW_GREEN,3,6.0,4,8.0,0,0.0,0,0.0
3258,EW_GREEN,3,6.0,4,8.0,0,0.0,0,0.0
3259,EW_GREEN,3,6.0,4,8.0,0,0.0,0,0.0
3260,EW_GREEN,4,7.5,5,9.0,0,0.0,0,0.0
3261,EW_GREEN,5,8.5,5,9.0,0,0.0,0,0.0
3262,EW_GREEN,5,8.5,5,9.0,0,0.0,0,0.0
3263,EW_GREEN,6,9.5,5,9.0,0,0.0,0,0.0
3264,EW_GREEN,6,9.5,5,9.0,0,0.0,0,0.0
3265,EW_GREEN,7,10.5,6,10.0,0,0.0,0,0.0
3266,EW_GREEN,7,10.5,6,10.0,0,0.0,0,0.0
3267,EW_GREEN,8,11.5,7,11.0,0,0.0,0,0.0
3268,EW_GREEN,8,11.5,7,11.0,0,0.0,0,0.0
3269,EW_GREEN,8,11.5,8,12.0,0,0.0,0,0.0
3270,EW_GREEN,8,11.5,8,12.0,0,0.0,0,0.0
3271,EW_YELLOW,8,11.5,8,12.0,0,0.0,0,0.0
3272,EW_YELLOW,8,11.5,8,12.0,0,0.0,1,1.0
3273,EW_YELLOW,8,11.5,8,12.0,0,0.0,1,1.0
3274,EW_YELLOW,8,11.5,8,12.0,0,0.0,2,2.5
3275,NS_GREEN,8,10.5,7,10.0,0,0.0,3,3.5
3276,NS_GREEN,7,8.5,8,10.5,0,0.0,3,3.5
3277,NS_GREEN,6,7.5,7,7.5,0,0.0,4,5.0
3278,NS_GREEN,5,6.0,6,6.5,1,1.0,4,5.0
3279,NS_GREEN,4,5.0,5,5.5,1,1.0,5,6.0
3280,NS_GREEN,3,4.0,4,4.5,1,1.0,5,6.0
3281,NS_GREEN,2,3.0,3,3.5,1,1.0,5,6.0
3282,NS_GREEN,1,2.0,3,4.0,1,1.0,5,6.0
3283,NS_GREEN,0,0.0,2,3.0,1,1.0,5,6.0
3284,NS_GREEN,0,0.0,1,1.5,1,1.0,5,6.0
3285,NS_GREEN,0,0.0,0,0.0,1,1.0,5,6.0
3286,NS_GREEN,0,0.0,0,0.0,1,1.0,5,6.0
3287,NS_GREEN,0,0.0,0,0.0,1,1.0,5,6.0
3288,NS_GREEN,0,0.0,0,0.0,1,1.0,6,7.0
3289,NS_GREEN,0,0.0,0,0.0,2,4.0,6,7.0
3290,NS_GREEN,0,0.0,0,0.0,2,4.0,6,7.0
3291,NS_GREEN,0,0.0,0,0.0,2,4.0,7,9.0
3292,NS_GREEN,0,0.0,0,0.0,2,4.0,9,13.0
3293,NS_GREEN,0,0.0,0,0.0,2,4.0,10,16.0
3294,NS_GREEN,0,0.0,0,0.0,2,4.0,10,16.0
3295,NS_YELLOW,0,0.0,0,0.0,2,4.0,10,16.0
3296,NS_YELLOW,1,1.5,0,0.0,2,4.0,10,16.0
3297,NS_YELLOW,2,2.5,0,0.0,2,4.0,10,16.0
3298,NS_YELLOW,2,2.5,0,0.0,2,4.0,10,16.0
3299,EW_GREEN,2,2.5,0,0.0,1,3.0,10,17.0
3300,EW_GREEN,2,2.5,1,1.0,1,2.0,9,15.5
3301,EW_GREEN,2,2.5,1,1.0,0,0.0,8,14.5
3302,EW_GREEN,2,2.5,1,1.0,0,0.0,7,13.0
3303,EW_GREEN,2,2.5,1,1.0,0,0.0,6,12.0
3304,EW_GREEN,2,2.5,1,1.0,0,0.0,5,11.0
3305,EW_GREEN,2,2.5,1,1.0,0,0.0,4,9.0
3306,EW_GREEN,3,3.5,1,1.0,0,0.0,3,6.0
3307,EW_GREEN,3,3.5,1,1.0,0,0.0,3,6.0
3308,EW_GREEN,3,3.5,1,1.0,0,0.0,2,3.0
3309,EW_GREEN,4,4.5,1,1.0,0,0.0,1,1.0
3310,EW_GREEN,4,4.5,1,1.0,0,0.0,0,0.0
3311,EW_GREEN,4,4.5,1,1.0,0,0.0,0,0.0
3312,EW_GREEN,4,4.5,2,2.0,0,0.0,0,0.0
3313,EW_GREEN,5,6.5,2,2.0,0,0.0,0,0.0
3314,EW_GREEN,6,8.5,2,2.0,0,0.0,0,0.0
3315,EW_GREEN,7,10.0,2,2.0,0,0.0,0,0.0
3316,EW_GREEN,8,11.0,2,2.0,0,0.0,0,0.0
3317,EW_GREEN,9,12.0,2,2.0,0,0.0,0,0.0
3318,EW_GREEN,10,13.0,2,2.0,0,0.0,0,0.0
3319,EW_GREEN,10,13.0,2,2.0,0,0.0,0,0.0
3320,EW_YELLOW,10,13.0,3,3.0,0,0.0,0,0.0
3321,EW_YELLOW,12,15.0,4,4.5,0,0.0,0,0.0
3322,EW_YELLOW,13,16.5,4,4.5,0,0.0,0,0.0
3323,EW_YELLOW,15,18.5,4,4.5,0,0.0,0,0.0
3324,NS_GREEN,14,17.0,4,4.5,0,0.0,0,0.0
3325,NS_GREEN,13,16.0,3,3.5,0,0.0,1,1.0
3326,NS_GREEN,13,16.0,3,3.5,0,0.0,2,2.0
3327,NS_GREEN,12,15.0,2,2.0,0,0.0,2,2.0
3328,NS_GREEN,11,13.0,1,1.0,0,0.0,2,2.0
3329,NS_GREEN,10,11.0,1,1.0,0,0.0,3,4.0
3330,NS_GREEN,9,9.5,0,0.0,1,1.0,3,4.0
3331,NS_GREEN,9,9.5,0,0.0,1,1.0,3,4.0
3332,NS_GREEN,8,8.5,0,0.0,1,1.0,3,4.0
3333,NS_GREEN,7,7.5,0,0.0,1,1.0,3,4.0
3334,NS_GREEN,6,6.5,0,0.0,1,1.0,3,4.0
3335,NS_GREEN,5,5.5,0,0.0,1,1.0,3,4.0
3336,NS_GREEN,4,4.0,0,0.0,2,3.0,3,4.0
3337,NS_GREEN,3,3.0,0,0.0,2,3.0,3,4.0
3338,NS_GREEN,2,2.0,0,0.0,2,3.0,3,4.0
3339,NS_GREEN,1,1.0,0,0.0,2,3.0,3,4.0
3340,NS_GREEN,1,1.0,0,0.0,2,3.0,3,4.0
3341,NS_GREEN,0,0.0,0,0.0,2,3.0,3,4.0
3342,NS_GREEN,0,0.0,0,0.0,4,5.5,3,4.0
3343,NS_GREEN,0,0.0,0,0.0,4,5.5,3,4.0
3344,NS_YELLOW,0,0.0,0,0.0,4,5.5,3,4.0
3345,NS_YELLOW,0,0.0,1,2.0,4,5.5,3,4.0
3346,NS_YELLOW,0,0.0,1,2.0,4,5.5,3,4.0
3347,NS_YELLOW,1,1.0,2,4.0,4,5.5,3,4.0
3348,EW_GREEN,1,1.0,3,5.0,3,4.5,2,3.0
3349,EW_GREEN,1,1.0,4,6.0,2,2.5,1,2.0
3350,EW_GREEN,1,1.0,6,8.0,1,1.0,0,0.0
3351,EW_GREEN,1,1.0,6,8.0,0,0.0,0,0.0
3352,EW_GREEN,1,1.0,7,11.0,0,0.0,0,0.0
3353,EW_GREEN,1,1.0,7,11.0,0,0.0,0,0.0
3354,EW_GREEN,2,3.0,8,12.5,0,0.0,0,0.0
3355,EW_GREEN,2,3.0,8,12.5,0,0.0,0,0.0
3356,EW_GREEN,2,3.0,9,13.5,0,0.0,0,0.0
3357,EW_GREEN,3,4.0,9,13.5,0,0.0,0,0.0
3358,EW_GREEN,3,4.0,10,14.5,0,0.0,0,0.0
3359,EW_GREEN,3,4.0,10,14.5,0,0.0,0,0.0
3360,EW_GREEN,3,4.0,10,14.5,0,0.0,0,0.0
3361,EW_GREEN,4,5.0,10,14.5,0,0.0,0,0.0
3362,EW_GREEN,4,5.0,10,14.5,0,0.0,0,0.0
3363,EW_GREEN,4,5.0,10,14.5,0,0.0,0,0.0
3364,EW_GREEN,4,5.0,10,14.5,0,0.0,0,0.0
3365,EW_GREEN,4,5.0,10,14.5,0,0.0,0,0.0
3366,EW_GREEN,4,5.0,10,14.5,0,0.0,0,0.0
3367,EW_GREEN,4,5.0,10,14.5,0,0.0,0,0.0
3368,EW_YELLOW,4,5.0,10,14.5,0,0.0,0,0.0
3369,EW_YELLOW,4,5.0,11,15.5,0,0.0,0,0.0
3370,EW_YELLOW,4,5.0,11,15.5,2,2.5,0,0.0
3371,EW_YELLOW,4,5.0,11,15.5,2,2.5,0,0.0
3372,NS_GREEN,4,5.0,11,14.5,2,2.5,1,1.0
3373,NS_GREEN,3,3.0,10,12.5,2,2.5,2,2.0
3374,NS_GREEN,2,2.0,9,11.5,2,2.5,2,2.0
3375,NS_GREEN,2,2.0,8,10.5,2,2.5,2,2.0
3376,NS_GREEN,1,1.0,7,9.5,2,2.5,2,2.0
3377,NS_GREEN,0,0.0,7,9.5,2,2.5,2,2.0
3378,NS_GREEN,0,0.0,6,6.5,2,2.5,2,2.0
3379,NS_GREEN,0,0.0,5,5.0,3,3.5,2,2.0
3380,NS_GREEN,0,0.0,4,4.0,3,3.5,2,2.0
3381,NS_GREEN,0,0.0,3,3.0,3,3.5,2,2.0
3382,NS_GREEN,0,0.0,2,2.0,3,3.5,2,2.0
3383,NS_GREEN,0,0.0,1,1.0,3,3.5,2,2.0
3384,NS_GREEN,0,0.0,0,0.0,3,3.5,2,2.0
3385,NS_GREEN,0,0.0,0,0.0,3,3.5,3,3.0
3386,NS_GREEN,0,0.0,0,0.0,3,3.5,3,3.0
3387,NS_GREEN,0,0.0,1,1.0,4,4.5,5,5.5
3388,NS_GREEN,0,0.0,0,0.0,4,4.5,5,5.5
3389,NS_GREEN,0,0.0,0,0.0,4,4.5,5,5.5
3390,NS_GREEN,0,0.0,0,0.0,4,4.5,5,5.5
3391,NS_GREEN,0,0.0,0,0.0,5,5.5,5,5.5
3392,NS_YELLOW,0,0.0,0,0.0,5,5.5,5,5.5
3393,NS_YELLOW,0,0.0,0,0.0,6,6.5,5,5.5
3394,NS_YELLOW,1,1.5,0,0.0,6,6.5,5,5.5
3395,NS_YELLOW,1,1.5,0,0.0,8,8.5,5,5.5
3396,EW_GREEN,1,1.5,1,1.5,7,7.0,4,4.5
3397,EW_GREEN,2,3.5,1,1.5,6,6.0,3,3.5
3398,EW_GREEN,2,3.5,1,1.5,6,6.0,2,2.5
3399,EW_GREEN,2,3.5,1,1.5,5,5.0,1,1.5
3400,EW_GREEN,2,3.5,1,1.5,4,4.0,0,0.0
3401,EW_GREEN,2,3.5,3,4.5,3,3.0,0,0.0
3402,EW_GREEN,2,3.5,4,6.0,2,2.0,0,0.0
3403,EW_GREEN,2,3.5,4,6.0,1,1.0,0,0.0
3404,EW_GREEN,2,3.5,6,8.0,0,0.0,0,0.0
3405,EW_GREEN,2,3.5,6,8.0,0,0.0,0,0.0
3406,EW_GREEN,3,4.5,6,8.0,0,0.0,0,0.0
3407,EW_GREEN,3,4.5,7,9.5,0,0.0,0,0.0
3408,EW_GREEN,3,4.5,7,9.5,0,0.0,0,0.0
3409,EW_GREEN,5,7.0,7,9.5,0,0.0,0,0.0
3410,EW_GREEN,5,7.0,7,9.5,0,0.0,0,0.0
3411,EW_GREEN,5,7.0,7,9.5,0,0.0,0,0.0
3412,EW_GREEN,5,7.0,7,9.5,0,0.0,0,0.0
3413,EW_GREEN,5,7.0,7,9.5,0,0.0,0,0.0
3414,EW_GREEN,5,7.0,7,9.5,0,0.0,0,0.0
3415,EW_GREEN,5,7.0,7,9.5,0,0.0,0,0.0
3416,EW_YELLOW,5,7.0,7,9.5,0,0.0,0,0.0
3417,EW_YELLOW,5,7.0,7,9.5,0,0.0,1,1.0
3418,EW_YELLOW,5,7.0,7,9.5,0,0.0,3,3.0
3419,EW_YELLOW,6,8.0,7,9.5,1,2.0,3,3.0
3420,NS_GREEN,5,6.5,7,9.0,1,2.0,3,3.0
3421,NS_GREEN,4,4.5,7,8.0,1,2.0,4,4.0
3422,NS_GREEN,3,3.5,6,7.0,1,2.0,4,4.0
3423,NS_GREEN,2,2.0,5,5.5,2,3.0,4,4.0
3424,NS_GREEN,2,2.0,6,6.5,2,3.0,4,4.0
3425,NS_GREEN,1,1.0,5,5.5,2,3.0,4,4.0
3426,NS_GREEN,0,0.0,4,4.0,3,4.0,6,6.5
3427,NS_GREEN,0,0.0,4,4.0,3,4.0,6,6.5
3428,NS_GREEN,1,1.0,3,3.0,3,4.0,6,6.5
3429,NS_GREEN,2,2.5,2,2.0,3,4.0,6,6.5
3430,NS_GREEN,2,2.5,1,1.0,3,4.0,6,6.5
3431,NS_GREEN,1,1.5,0,0.0,3,4.0,6,6.5
3432,NS_GREEN,0,0.0,0,0.0,3,4.0,6,6.5
3433,NS_GREEN,0,0.0,0,0.0,3,4.0,6,6.5
3434,NS_GREEN,0,0.0,0,0.0,3,4.0,6,6.5
3435,NS_GREEN,0,0.0,0,0.0,3,4.0,6,6.5
3436,NS_GREEN,0,0.0,0,0.0,3,4.0,6,6.5
3437,NS_GREEN,0,0.0,0,0.0,3,4.0,6,6.5
3438,NS_GREEN,0,0.0,0,0.0,3,4.0,6,6.5
3439,NS_GREEN,0,0.0,0,0.0,4,5.0,6,6.5
3440,NS_GREEN,0,0.0,0,0.0,4,5.0,6,6.5
3441,NS_GREEN,0,0.0,1,1.0,4,5.0,6,6.5
3442,NS_GREEN,0,0.0,1,1.0,4,5.0,6,6.5
3443,NS_GREEN,0,0.0,0,0.0,4,5.0,6,6.5
3444,NS_YELLOW,0,0.0,0,0.0,4,5.0,6,6.5
3445,NS_YELLOW,0,0.0,0,0.0,4,5.0,6,6.5
3446,NS_YELLOW,0,0.0,0,0.0,4,5.0,6,6.5
3447,NS_YELLOW,0,0.0,0,0.0,4,5.0,6,6.5
3448,EW_GREEN,0,0.0,0,0.0,3,3.0,5,5.5
3449,EW_GREEN,0,0.0,1,1.0,2,2.0,5,5.5
3450,EW_GREEN,0,0.0,1,1.0,1,1.0,4,4.5
3451,EW_GREEN,0,0.0,2,2.0,0,0.0,3,3.5
3452,EW_GREEN,0,0.0,2,2.0,0,0.0,2,2.5
3453,EW_GREEN,0,0.0,2,2.0,0,0.0,1,1.0
3454,EW_GREEN,1,1.0,2,2.0,0,0.0,0,0.0
3455,EW_GREEN,1,1.0,2,2.0,0,0.0,0,0.0
3456,EW_GREEN,1,1.0,2,2.0,0,0.0,0,0.0
3457,EW_GREEN,2,4.0,2,2.0,0,0.0,0,0.0
3458,EW_GREEN,4,6.0,2,2.0,0,0.0,0,0.0
3459,EW_GREEN,4,6.0,3,3.0,0,0.0,0,0.0
3460,EW_GREEN,4,6.0,3,3.0,0,0.0,0,0.0
3461,EW_GREEN,5,7.0,3,3.0,0,0.0,0,0.0
3462,EW_GREEN,5,7.0,3,3.0,0,0.0,0,0.0
3463,EW_GREEN,5,7.0,3,3.0,0,0.0,0,0.0
3464,EW_GREEN,5,7.0,3,3.0,1,1.0,0,0.0
3465,EW_GREEN,5,7.0,3,3.0,0,0.0,0,0.0
3466,EW_GREEN,6,8.0,5,5.0,0,0.0,0,0.0
3467,EW_GREEN,6,8.0,6,6.5,0,0.0,0,0.0
3468,EW_YELLOW,7,9.0,6,6.5,0,0.0,0,0.0
3469,EW_YELLOW,7,9.0,6,6.5,0,0.0,0,0.0
3470,EW_YELLOW,8,10.5,6,6.5,1,1.0,0,0.0
3471,EW_YELLOW,8,10.5,6,6.5,1,1.0,1,1.0
3472,NS_GREEN,7,9.5,6,6.5,1,1.0,1,1.0
3473,NS_GREEN,6,6.5,5,5.5,1,1.0,1,1.0
3474,NS_GREEN,5,5.5,4,4.5,1,1.0,1,1.0
3475,NS_GREEN,4,4.5,3,3.5,1,1.0,1,1.0
3476,NS_GREEN,3,3.5,2,2.5,2,2.0,1,1.0
3477,NS_GREEN,3,3.5,1,1.0,2,2.0,1,1.0
3478,NS_GREEN,2,2.5,1,1.0,2,2.0,1,1.0
3479,NS_GREEN,1,1.0,0,0.0,2,2.0,1,1.0
3480,NS_GREEN,0,0.0,0,0.0,2,2.0,1,1.0
3481,NS_GREEN,0,0.0,0,0.0,2,2.0,1,1.0
3482,NS_GREEN,0,0.0,1,1.0,2,2.0,1,1.0
3483,NS_GREEN,0,0.0,0,0.0,2,2.0,1,1.0
3484,NS_GREEN,0,0.0,0,0.0,2,2.0,1,1.0
3485,NS_GREEN,0,0.0,0,0.0,2,2.0,1,1.0
3486,NS_GREEN,0,0.0,0,0.0,2,2.0,1,1.0
3487,NS_GREEN,0,0.0,0,0.0,2,2.0,1,1.0
3488,NS_GREEN,0,0.0,0,0.0,3,3.0,1,1.0
3489,NS_GREEN,0,0.0,0,0.0,3,3.0,2,4.0
3490,NS_GREEN,0,0.0,0,0.0,3,3.0,3,5.5
3491,NS_GREEN,0,0.0,0,0.0,5,5.0,3,5.5
3492,NS_YELLOW,0,0.0,0,0.0,6,6.5,3,5.5
3493,NS_YELLOW,0,0.0,0,0.0,6,6.5,3,5.5
3494,NS_YELLOW,0,0.0,0,0.0,6,6.5,3,5.5
3495,NS_YELLOW,1,1.0,0,0.0,6,6.5,3,5.5
3496,EW_GREEN,2,3.0,0,0.0,5,5.5,2,4.5
3497,EW_GREEN,3,4.0,0,0.0,5,5.5,1,1.5
3498,EW_GREEN,4,5.0,0,0.0,4,4.5,0,0.0
3499,EW_GREEN,4,5.0,0,0.0,3,3.5,0,0.0
3500,EW_GREEN,4,5.0,0,0.0,2,2.5,0,0.0
3501,EW_GREEN,4,5.0,1,1.0,1,1.0,0,0.0
3502,EW_GREEN,4,5.0,1,1.0,1,1.5,0,0.0
3503,EW_GREEN,5,7.0,2,2.0,0,0.0,0,0.0
3504,EW_GREEN,5,7.0,2,2.0,0,0.0,0,0.0
3505,EW_GREEN,5,7.0,2,2.0,0,0.0,0,0.0
3506,EW_GREEN,5,7.0,2,2.0,0,0.0,0,0.0
3507,EW_GREEN,5,7.0,2,2.0,0,0.0,0,0.0
3508,EW_GREEN,6,8.0,3,3.5,0,0.0,0,0.0
3509,EW_GREEN,6,8.0,3,3.5,0,0.0,0,0.0
3510,EW_GREEN,6,8.0,3,3.5,0,0.0,0,0.0
3511,EW_GREEN,6,8.0,3,3.5,0,0.0,0,0.0
3512,EW_GREEN,6,8.0,3,3.5,0,0.0,0,0.0
3513,EW_GREEN,7,10.0,3,3.5,0,0.0,0,0.0
3514,EW_GREEN,7,10.0,4,4.5,0,0.0,0,0.0
3515,EW_GREEN,7,10.0,4,4.5,0,0.0,0,0.0
3516,EW_YELLOW,7,10.0,4,4.5,0,0.0,0,0.0
3517,EW_YELLOW,8,11.5,4,4.5,1,1.5,0,0.0
3518,EW_YELLOW,9,13.0,4,4.5,1,1.5,0,0.0
3519,EW_YELLOW,9,13.0,4,4.5,1,1.5,0,0.0
3520,NS_GREEN,9,13.0,3,3.5,2,2.5,0,0.0
3521,NS_GREEN,8,11.0,2,2.5,2,2.5,0,0.0
3522,NS_GREEN,8,12.0,1,1.0,2,2.5,0,0.0
3523,NS_GREEN,8,12.0,1,1.0,2,2.5,0,0.0
3524,NS_GREEN,7,10.0,2,2.5,2,2.5,1,3.0
3525,NS_GREEN,7,10.0,1,1.5,2,2.5,2,4.0
3526,NS_GREEN,7,9.0,1,1.0,2,2.5,2,4.0
3527,NS_GREEN,7,8.5,0,0.0,3,3.5,2,4.0
3528,NS_GREEN,7,9.0,0,0.0,3,3.5,2,4.0
3529,NS_GREEN,6,8.0,0,0.0,3,3.5,3,5.0
3530,NS_GREEN,5,6.0,0,0.0,3,3.5,3,5.0
3531,NS_GREEN,4,5.0,0,0.0,3,3.5,3,5.0
3532,NS_GREEN,4,6.0,0,0.0,3,3.5,3,5.0
3533,NS_GREEN,5,7.0,0,0.0,4,4.5,3,5.0
3534,NS_GREEN,4,6.0,0,0.0,4,4.5,3,5.0
3535,NS_GREEN,3,4.0,0,0.0,4,4.5,3,5.0
3536,NS_GREEN,2,2.0,0,0.0,4,4.5,3,5.0
3537,NS_GREEN,1,1.0,0,0.0,4,4.5,3,5.0
3538,NS_GREEN,0,0.0,0,0.0,5,6.0,3,5.0
3539,NS_GREEN,0,0.0,0,0.0,5,6.0,3,5.0
3540,NS_YELLOW,0,0.0,0,0.0,6,7.5,3,5.0
3541,NS_YELLOW,1,1.0,2,2.0,6,7.5,3,5.0
3542,NS_YELLOW,2,2.5,2,2.0,7,9.0,3,5.0
3543,NS_YELLOW,2,2.5,2,2.0,7,9.0,3,5.0
3544,EW_GREEN,2,2.5,2,2.0,6,7.5,2,2.0
3545,EW_GREEN,3,3.5,2,2.0,5,6.5,1,1.0
3546,EW_GREEN,3,3.5,2,2.0,4,5.5,0,0.0
3547,EW_GREEN,3,3.5,2,2.0,3,4.5,0,0.0
3548,EW_GREEN,3,3.5,2,2.0,2,3.0,0,0.0
3549,EW_GREEN,4,4.5,2,2.0,1,1.5,0,0.0
3550,EW_GREEN,4,4.5,2,2.0,0,0.0,0,0.0
3551,EW_GREEN,4,4.5,2,2.0,0,0.0,0,0.0
3552,EW_GREEN,4,4.5,2,2.0,0,0.0,0,0.0
3553,EW_GREEN,4,4.5,2,2.0,0,0.0,0,0.0
3554,EW_GREEN,4,4.5,3,3.5,0,0.0,0,0.0
3555,EW_GREEN,4,4.5,3,3.5,0,0.0,0,0.0
3556,EW_GREEN,4,4.5,3,3.5,0,0.0,0,0.0
3557,EW_GREEN,4,4.5,3,3.5,0,0.0,0,0.0
3558,EW_GREEN,4,4.5,3,3.5,0,0.0,0,0.0
3559,EW_GREEN,4,4.5,3,3.5,0,0.0,0,0.0
3560,EW_GREEN,4,4.5,3,3.5,0,0.0,0,0.0
3561,EW_GREEN,4,4.5,3,3.5,0,0.0,0,0.0
3562,EW_GREEN,4,4.5,3,3.5,0,0.0,0,0.0
3563,EW_GREEN,4,4.5,3,3.5,0,0.0,0,0.0
3564,EW_GREEN,4,4.5,3,3.5,0,0.0,0,0.0
3565,EW_GREEN,4,4.5,3,3.5,0,0.0,0,0.0
3566,EW_GREEN,4,4.5,3,3.5,0,0.0,0,0.0
3567,EW_YELLOW,5,5.5,3,3.5,0,0.0,0,0.0
3568,EW_YELLOW,6,7.5,3,3.5,0,0.0,0,0.0
3569,EW_YELLOW,6,7.5,3,3.5,0,0.0,0,0.0
3570,EW_YELLOW,6,7.5,3,3.5,0,0.0,0,0.0
3571,NS_GREEN,6,8.0,2,2.5,0,0.0,0,0.0
3572,NS_GREEN,6,7.5,1,1.5,1,1.0,0,0.0
3573,NS_GREEN,6,7.5,0,0.0,2,2.5,0,0.0
3574,NS_GREEN,5,6.5,0,0.0,2,2.5,0,0.0
3575,NS_GREEN,4,5.5,0,0.0,2,2.5,0,0.0
3576,NS_GREEN,3,3.5,0,0.0,3,3.5,0,0.0
3577,NS_GREEN,2,2.0,0,0.0,3,3.5,0,0.0
3578,NS_GREEN,1,1.0,0,0.0,3,3.5,0,0.0
3579,NS_GREEN,0,0.0,0,0.0,3,3.5,0,0.0
3580,NS_GREEN,0,0.0,0,0.0,3,3.5,1,1.0
3581,NS_GREEN,0,0.0,0,0.0,3,3.5,1,1.0
3582,NS_GREEN,0,0.0,0,0.0,3,3.5,2,2.0
3583,NS_GREEN,0,0.0,0,0.0,3,3.5,2,2.0
3584,NS_GREEN,0,0.0,0,0.0,3,3.5,2,2.0
3585,NS_GREEN,0,0.0,0,0.0,4,4.5,2,2.0
3586,NS_GREEN,0,0.0,0,0.0,4,4.5,2,2.0
3587,NS_GREEN,0,0.0,0,0.0,4,4.5,2,2.0
3588,NS_GREEN,0,0.0,0,0.0,4,4.5,2,2.0
3589,NS_GREEN,0,0.0,0,0.0,4,4.5,2,2.0
3590,NS_GREEN,0,0.0,0,0.0,4,4.5,2,2.0
3591,NS_YELLOW,0,0.0,0,0.0,4,4.5,2,2.0
3592,NS_YELLOW,1,1.0,0,0.0,4,4.5,3,3.0
3593,NS_YELLOW,1,1.0,0,0.0,4,4.5,3,3.0
3594,NS_YELLOW,1,1.0,1,1.0,5,5.5,4,4.0
3595,EW_GREEN,1,1.0,1,1.0,5,5.5,3,3.0
3596,EW_GREEN,2,2.0,1,1.0,4,4.0,2,2.0
3597,EW_GREEN,2,2.0,1,1.0,3,3.0,1,1.0
3598,EW_GREEN,2,2.0,1,1.0,2,2.0,0,0.0
3599,EW_GREEN,2,2.0,1,1.0,1,1.0,0,0.0
